timestamp,arrivals,departures,census,beds_occupied,beds_available,mean_wait_time,hour,day_of_week,is_weekend
2025-11-04 09:56:13,21,21,35,25,0,77.8,9,1,0
2025-11-04 10:56:13,27,18,39,25,0,76.4,10,1,0
2025-11-04 11:56:13,23,16,33,25,0,56.9,11,1,0
2025-11-04 12:56:13,22,20,37,25,0,58.6,12,1,0
2025-11-04 13:56:13,23,26,35,25,0,60.0,13,1,0
2025-11-04 14:56:13,15,7,36,25,0,52.1,14,1,0
2025-11-04 15:56:13,21,17,40,25,0,60.8,15,1,0
2025-11-04 16:56:13,19,11,32,25,0,61.4,16,1,0
2025-11-04 17:56:13,17,18,30,25,0,64.3,17,1,0
2025-11-04 18:56:13,29,29,39,25,0,81.3,18,1,0
2025-11-04 19:56:13,21,22,31,23,2,70.1,19,1,0
2025-11-04 20:56:13,29,30,45,25,0,81.6,20,1,0
2025-11-04 21:56:13,22,18,24,22,3,64.9,21,1,0
2025-11-04 22:56:13,12,9,28,24,1,58.8,22,1,0
2025-11-04 23:56:13,7,7,21,16,9,43.2,23,1,0
2025-11-05 00:56:13,9,7,28,24,1,38.1,0,2,0
2025-11-05 01:56:13,5,4,33,25,0,32.6,1,2,0
2025-11-05 02:56:13,5,5,24,25,0,28.1,2,2,0
2025-11-05 03:56:13,3,0,28,25,0,33.9,3,2,0
2025-11-05 04:56:13,4,6,20,18,7,45.1,4,2,0
2025-11-05 05:56:13,2,6,16,14,11,14.8,5,2,0
2025-11-05 06:56:13,7,6,26,24,1,17.9,6,2,0
2025-11-05 07:56:13,15,14,25,18,7,55.2,7,2,0
2025-11-05 08:56:13,19,14,31,25,0,60.9,8,2,0
2025-11-05 09:56:13,19,19,29,25,0,48.3,9,2,0
2025-11-05 10:56:13,19,22,40,25,0,66.2,10,2,0
2025-11-05 11:56:13,16,15,28,22,3,51.2,11,2,0
2025-11-05 12:56:13,30,35,44,25,0,77.4,12,2,0
2025-11-05 13:56:13,17,17,28,24,1,51.8,13,2,0
2025-11-05 14:56:13,18,12,32,25,0,58.1,14,2,0
2025-11-05 15:56:13,29,22,38,25,0,78.6,15,2,0
2025-11-05 16:56:13,27,21,47,25,0,60.2,16,2,0
2025-11-05 17:56:13,23,22,41,25,0,75.5,17,2,0
2025-11-05 18:56:13,32,29,41,25,0,79.1,18,2,0
2025-11-05 19:56:13,23,23,41,25,0,61.3,19,2,0
2025-11-05 20:56:13,16,15,29,25,0,44.7,20,2,0
2025-11-05 21:56:13,9,8,37,25,0,17.7,21,2,0
2025-11-05 22:56:13,18,18,30,25,0,61.0,22,2,0
2025-11-05 23:56:13,9,9,24,19,6,55.7,23,2,0
2025-11-06 00:56:13,10,6,26,25,0,39.8,0,3,0
2025-11-06 01:56:13,6,5,32,24,1,43.6,1,3,0
2025-11-06 02:56:13,3,4,22,17,8,27.1,2,3,0
2025-11-06 03:56:13,8,5,23,19,6,44.8,3,3,0
2025-11-06 04:56:13,2,2,23,18,7,33.0,4,3,0
2025-11-06 05:56:13,8,5,23,21,4,51.5,5,3,0
2025-11-06 06:56:13,8,8,28,23,2,37.0,6,3,0
2025-11-06 07:56:13,11,12,23,17,8,53.6,7,3,0
2025-11-06 08:56:13,8,6,26,20,5,45.8,8,3,0
2025-11-06 09:56:13,16,15,34,25,0,43.8,9,3,0
2025-11-06 10:56:13,14,8,28,24,1,33.5,10,3,0
2025-11-06 11:56:13,22,19,39,25,0,72.6,11,3,0
2025-11-06 12:56:13,16,11,32,25,0,55.2,12,3,0
2025-11-06 13:56:13,26,22,40,25,0,78.9,13,3,0
2025-11-06 14:56:13,13,14,30,25,0,60.5,14,3,0
2025-11-06 15:56:13,19,14,39,25,0,79.9,15,3,0
2025-11-06 16:56:13,18,16,23,18,7,48.4,16,3,0
2025-11-06 17:56:13,26,24,45,25,0,63.0,17,3,0
2025-11-06 18:56:13,33,28,39,25,0,97.8,18,3,0
2025-11-06 19:56:13,25,20,39,25,0,54.1,19,3,0
2025-11-06 20:56:13,28,26,37,25,0,77.2,20,3,0
2025-11-06 21:56:13,14,10,23,22,3,51.3,21,3,0
2025-11-06 22:56:13,14,17,37,25,0,68.6,22,3,0
2025-11-06 23:56:13,14,14,34,25,0,38.4,23,3,0
2025-11-07 00:56:13,4,0,27,22,3,30.0,0,4,0
2025-11-07 01:56:13,9,3,27,23,2,49.2,1,4,0
2025-11-07 02:56:13,2,0,23,17,8,18.9,2,4,0
2025-11-07 03:56:13,4,3,19,15,10,13.7,3,4,0
2025-11-07 04:56:13,3,0,24,22,3,34.5,4,4,0
2025-11-07 05:56:13,4,2,15,15,10,44.4,5,4,0
2025-11-07 06:56:13,6,2,32,22,3,23.9,6,4,0
2025-11-07 07:56:13,9,7,21,16,9,30.3,7,4,0
2025-11-07 08:56:13,19,17,40,25,0,49.3,8,4,0
2025-11-07 09:56:13,18,14,32,25,0,52.1,9,4,0
2025-11-07 10:56:13,20,18,26,23,2,60.3,10,4,0
2025-11-07 11:56:13,20,16,33,25,0,56.2,11,4,0
2025-11-07 12:56:13,20,17,23,20,5,63.9,12,4,0
2025-11-07 13:56:13,18,21,37,25,0,76.4,13,4,0
2025-11-07 14:56:13,18,7,31,24,1,58.8,14,4,0
2025-11-07 15:56:13,16,15,25,22,3,40.6,15,4,0
2025-11-07 16:56:13,21,21,36,25,0,56.0,16,4,0
2025-11-07 17:56:13,26,20,37,25,0,54.3,17,4,0
2025-11-07 18:56:13,34,35,48,25,0,92.9,18,4,0
2025-11-07 19:56:13,30,26,41,25,0,76.8,19,4,0
2025-11-07 20:56:13,27,27,30,25,0,71.3,20,4,0
2025-11-07 21:56:13,22,17,34,24,1,74.5,21,4,0
2025-11-07 22:56:13,14,12,30,25,0,56.9,22,4,0
2025-11-07 23:56:13,11,8,29,25,0,33.3,23,4,0
2025-11-08 00:56:13,9,10,34,25,0,34.5,0,5,1
2025-11-08 01:56:13,6,9,28,21,4,40.7,1,5,1
2025-11-08 02:56:13,6,13,20,12,13,33.8,2,5,1
2025-11-08 03:56:13,1,2,29,25,0,24.2,3,5,1
2025-11-08 04:56:13,7,5,38,25,0,28.1,4,5,1
2025-11-08 05:56:13,2,2,16,10,15,32.2,5,5,1
2025-11-08 06:56:13,7,8,12,10,15,31.7,6,5,1
2025-11-08 07:56:13,12,10,28,21,4,69.7,7,5,1
2025-11-08 08:56:13,12,9,26,21,4,43.7,8,5,1
2025-11-08 09:56:13,21,22,35,25,0,35.5,9,5,1
2025-11-08 10:56:13,23,18,36,25,0,51.9,10,5,1
2025-11-08 11:56:13,29,22,47,25,0,85.2,11,5,1
2025-11-08 12:56:13,30,25,37,25,0,77.6,12,5,1
2025-11-08 13:56:13,30,26,38,25,0,85.9,13,5,1
2025-11-08 14:56:13,18,15,36,25,0,65.2,14,5,1
2025-11-08 15:56:13,27,26,38,25,0,58.4,15,5,1
2025-11-08 16:56:13,25,22,29,25,0,72.1,16,5,1
2025-11-08 17:56:13,29,26,43,25,0,79.1,17,5,1
2025-11-08 18:56:13,26,25,42,25,0,58.5,18,5,1
2025-11-08 19:56:13,20,15,36,25,0,54.6,19,5,1
2025-11-08 20:56:13,17,16,35,25,0,64.3,20,5,1
2025-11-08 21:56:13,15,16,33,25,0,66.7,21,5,1
2025-11-08 22:56:13,14,10,28,23,2,53.2,22,5,1
2025-11-08 23:56:13,8,10,21,15,10,26.2,23,5,1
2025-11-09 00:56:13,8,10,26,20,5,19.1,0,6,1
2025-11-09 01:56:13,6,8,28,22,3,38.3,1,6,1
2025-11-09 02:56:13,5,0,23,20,5,31.8,2,6,1
2025-11-09 03:56:13,8,6,30,25,0,40.5,3,6,1
2025-11-09 04:56:13,7,10,18,16,9,23.6,4,6,1
2025-11-09 05:56:13,5,6,28,24,1,16.5,5,6,1
2025-11-09 06:56:13,2,6,22,20,5,18.8,6,6,1
2025-11-09 07:56:13,11,8,26,25,0,57.8,7,6,1
2025-11-09 08:56:13,12,8,22,16,9,34.0,8,6,1
2025-11-09 09:56:13,9,5,27,23,2,53.5,9,6,1
2025-11-09 10:56:13,29,28,48,25,0,77.5,10,6,1
2025-11-09 11:56:13,28,32,43,25,0,78.9,11,6,1
2025-11-09 12:56:13,21,22,33,25,0,55.6,12,6,1
2025-11-09 13:56:13,23,22,34,25,0,60.5,13,6,1
2025-11-09 14:56:13,19,15,42,25,0,51.9,14,6,1
2025-11-09 15:56:13,24,19,38,25,0,54.2,15,6,1
2025-11-09 16:56:13,26,26,38,25,0,71.8,16,6,1
2025-11-09 17:56:13,25,28,37,25,0,76.8,17,6,1
2025-11-09 18:56:13,24,23,42,25,0,76.2,18,6,1
2025-11-09 19:56:13,29,26,50,25,0,76.3,19,6,1
2025-11-09 20:56:13,22,23,39,25,0,64.3,20,6,1
2025-11-09 21:56:13,22,20,40,25,0,60.9,21,6,1
2025-11-09 22:56:13,19,17,34,25,0,64.1,22,6,1
2025-11-09 23:56:13,13,9,35,25,0,47.3,23,6,1
2025-11-10 00:56:13,9,13,35,25,0,32.4,0,0,0
2025-11-10 01:56:13,7,8,26,20,5,21.2,1,0,0
2025-11-10 02:56:13,6,3,29,24,1,24.9,2,0,0
2025-11-10 03:56:13,2,3,21,20,5,27.4,3,0,0
2025-11-10 04:56:13,5,8,24,21,4,29.1,4,0,0
2025-11-10 05:56:13,3,0,22,15,10,27.3,5,0,0
2025-11-10 06:56:13,4,2,22,17,8,52.7,6,0,0
2025-11-10 07:56:13,8,5,28,24,1,35.8,7,0,0
2025-11-10 08:56:13,8,12,38,25,0,41.2,8,0,0
2025-11-10 09:56:13,18,14,33,25,0,54.2,9,0,0
2025-11-10 10:56:13,16,13,37,25,0,47.1,10,0,0
2025-11-10 11:56:13,17,17,42,25,0,57.9,11,0,0
2025-11-10 12:56:13,28,29,42,25,0,74.0,12,0,0
2025-11-10 13:56:13,24,20,37,25,0,57.7,13,0,0
2025-11-10 14:56:13,25,24,54,25,0,60.7,14,0,0
2025-11-10 15:56:13,22,19,35,25,0,74.9,15,0,0
2025-11-10 16:56:13,24,27,29,22,3,52.4,16,0,0
2025-11-10 17:56:13,26,23,32,25,0,80.0,17,0,0
2025-11-10 18:56:13,20,15,42,25,0,64.0,18,0,0
2025-11-10 19:56:13,32,28,47,25,0,67.5,19,0,0
2025-11-10 20:56:13,28,26,31,25,0,64.4,20,0,0
2025-11-10 21:56:13,17,13,37,25,0,65.1,21,0,0
2025-11-10 22:56:13,13,15,19,16,9,43.4,22,0,0
2025-11-10 23:56:13,7,9,21,18,7,42.5,23,0,0
2025-11-11 00:56:13,8,6,30,25,0,43.3,0,1,0
2025-11-11 01:56:13,3,0,26,22,3,36.0,1,1,0
2025-11-11 02:56:13,3,0,27,20,5,32.1,2,1,0
2025-11-11 03:56:13,5,5,28,24,1,31.5,3,1,0
2025-11-11 04:56:13,4,5,24,21,4,17.2,4,1,0
2025-11-11 05:56:13,6,6,24,21,4,35.2,5,1,0
2025-11-11 06:56:13,11,5,27,22,3,31.0,6,1,0
2025-11-11 07:56:13,9,4,22,14,11,31.6,7,1,0
2025-11-11 08:56:13,11,16,37,25,0,35.1,8,1,0
2025-11-11 09:56:13,16,9,20,21,4,38.1,9,1,0
2025-11-11 10:56:13,23,23,45,25,0,71.9,10,1,0
2025-11-11 11:56:13,36,32,52,25,0,93.0,11,1,0
2025-11-11 12:56:13,21,15,28,23,2,52.1,12,1,0
2025-11-11 13:56:13,27,27,46,25,0,64.1,13,1,0
2025-11-11 14:56:13,20,13,38,25,0,61.1,14,1,0
2025-11-11 15:56:13,23,22,30,25,0,65.8,15,1,0
2025-11-11 16:56:13,26,25,41,25,0,73.2,16,1,0
2025-11-11 17:56:13,19,15,28,25,0,45.6,17,1,0
2025-11-11 18:56:13,29,26,41,25,0,71.3,18,1,0
2025-11-11 19:56:13,26,24,34,25,0,78.3,19,1,0
2025-11-11 20:56:13,18,22,34,25,0,65.6,20,1,0
2025-11-11 21:56:13,14,17,30,25,0,40.0,21,1,0
2025-11-11 22:56:13,13,11,33,25,0,42.2,22,1,0
2025-11-11 23:56:13,7,3,22,16,9,34.3,23,1,0
2025-11-12 00:56:13,8,12,29,25,0,33.4,0,2,0
2025-11-12 01:56:13,5,3,19,16,9,45.8,1,2,0
2025-11-12 02:56:13,6,6,30,25,0,55.2,2,2,0
2025-11-12 03:56:13,2,0,24,21,4,13.3,3,2,0
2025-11-12 04:56:13,3,0,18,12,13,47.6,4,2,0
2025-11-12 05:56:13,7,8,23,21,4,39.7,5,2,0
2025-11-12 06:56:13,5,5,24,20,5,27.7,6,2,0
2025-11-12 07:56:13,10,9,24,21,4,14.7,7,2,0
2025-11-12 08:56:13,9,6,29,24,1,20.0,8,2,0
2025-11-12 09:56:13,18,12,35,25,0,61.4,9,2,0
2025-11-12 10:56:13,24,20,35,25,0,62.4,10,2,0
2025-11-12 11:56:13,17,13,35,25,0,54.2,11,2,0
2025-11-12 12:56:13,25,21,42,25,0,59.6,12,2,0
2025-11-12 13:56:13,29,25,40,25,0,90.1,13,2,0
2025-11-12 14:56:13,24,21,39,25,0,64.1,14,2,0
2025-11-12 15:56:13,17,15,34,25,0,44.1,15,2,0
2025-11-12 16:56:13,22,17,31,25,0,75.7,16,2,0
2025-11-12 17:56:13,23,21,34,24,1,68.8,17,2,0
2025-11-12 18:56:13,22,22,29,23,2,63.1,18,2,0
2025-11-12 19:56:13,26,23,42,25,0,65.6,19,2,0
2025-11-12 20:56:13,22,20,38,25,0,61.7,20,2,0
2025-11-12 21:56:13,11,5,24,22,3,32.2,21,2,0
2025-11-12 22:56:13,17,13,31,25,0,56.8,22,2,0
2025-11-12 23:56:13,13,10,33,25,0,33.5,23,2,0
2025-11-13 00:56:13,8,8,26,22,3,51.3,0,3,0
2025-11-13 01:56:13,6,5,16,9,16,37.8,1,3,0
2025-11-13 02:56:13,2,0,23,21,4,32.6,2,3,0
2025-11-13 03:56:13,10,8,29,24,1,39.1,3,3,0
2025-11-13 04:56:13,7,8,16,13,12,52.1,4,3,0
2025-11-13 05:56:13,5,3,28,21,4,42.9,5,3,0
2025-11-13 06:56:13,8,8,22,19,6,34.8,6,3,0
2025-11-13 07:56:13,8,6,30,24,1,53.3,7,3,0
2025-11-13 08:56:13,19,20,28,20,5,42.7,8,3,0
2025-11-13 09:56:13,22,20,34,25,0,58.4,9,3,0
2025-11-13 10:56:13,23,22,48,25,0,76.2,10,3,0
2025-11-13 11:56:13,20,16,31,25,0,58.3,11,3,0
2025-11-13 12:56:13,27,23,42,25,0,62.6,12,3,0
2025-11-13 13:56:13,19,18,34,25,0,73.1,13,3,0
2025-11-13 14:56:13,23,17,44,25,0,63.7,14,3,0
2025-11-13 15:56:13,25,19,49,25,0,65.1,15,3,0
2025-11-13 16:56:13,19,16,35,25,0,61.2,16,3,0
2025-11-13 17:56:13,19,8,37,25,0,46.3,17,3,0
2025-11-13 18:56:13,18,14,34,25,0,72.6,18,3,0
2025-11-13 19:56:13,28,28,37,25,0,83.7,19,3,0
2025-11-13 20:56:13,33,27,45,25,0,77.2,20,3,0
2025-11-13 21:56:13,25,21,44,25,0,84.9,21,3,0
2025-11-13 22:56:13,7,5,13,12,13,41.4,22,3,0
2025-11-13 23:56:13,18,12,26,21,4,63.9,23,3,0
2025-11-14 00:56:13,7,9,21,16,9,36.0,0,4,0
2025-11-14 01:56:13,5,0,19,16,9,19.3,1,4,0
2025-11-14 02:56:13,7,10,25,19,6,32.2,2,4,0
2025-11-14 03:56:13,2,0,18,14,11,35.6,3,4,0
2025-11-14 04:56:13,5,2,25,21,4,29.4,4,4,0
2025-11-14 05:56:13,6,3,25,18,7,41.2,5,4,0
2025-11-14 06:56:13,12,13,26,21,4,47.0,6,4,0
2025-11-14 07:56:13,6,6,21,18,7,33.9,7,4,0
2025-11-14 08:56:13,16,13,26,21,4,52.3,8,4,0
2025-11-14 09:56:13,18,17,30,25,0,58.7,9,4,0
2025-11-14 10:56:13,22,23,36,25,0,62.3,10,4,0
2025-11-14 11:56:13,22,17,35,25,0,69.5,11,4,0
2025-11-14 12:56:13,28,19,39,25,0,69.4,12,4,0
2025-11-14 13:56:13,26,27,33,25,0,71.0,13,4,0
2025-11-14 14:56:13,15,15,37,25,0,46.0,14,4,0
2025-11-14 15:56:13,25,22,46,25,0,50.6,15,4,0
2025-11-14 16:56:13,17,17,38,25,0,61.2,16,4,0
2025-11-14 17:56:13,25,22,41,25,0,60.3,17,4,0
2025-11-14 18:56:13,24,21,39,25,0,70.5,18,4,0
2025-11-14 19:56:13,17,17,32,25,0,49.6,19,4,0
2025-11-14 20:56:13,27,23,46,25,0,80.6,20,4,0
2025-11-14 21:56:13,12,9,25,21,4,25.1,21,4,0
2025-11-14 22:56:13,15,16,37,25,0,54.3,22,4,0
2025-11-14 23:56:13,7,4,29,23,2,34.8,23,4,0
2025-11-15 00:56:13,8,10,31,25,0,37.9,0,5,1
2025-11-15 01:56:13,10,9,22,20,5,30.3,1,5,1
2025-11-15 02:56:13,8,7,22,16,9,29.9,2,5,1
2025-11-15 03:56:13,4,1,25,18,7,19.1,3,5,1
2025-11-15 04:56:13,1,9,26,20,5,26.8,4,5,1
2025-11-15 05:56:13,5,7,24,16,9,29.8,5,5,1
2025-11-15 06:56:13,10,11,25,21,4,56.1,6,5,1
2025-11-15 07:56:13,6,2,14,10,15,29.9,7,5,1
2025-11-15 08:56:13,18,17,33,25,0,57.7,8,5,1
2025-11-15 09:56:13,22,20,37,25,0,71.1,9,5,1
2025-11-15 10:56:13,26,23,37,25,0,60.6,10,5,1
2025-11-15 11:56:13,23,17,35,25,0,67.6,11,5,1
2025-11-15 12:56:13,23,26,43,25,0,59.5,12,5,1
2025-11-15 13:56:13,27,23,46,25,0,87.9,13,5,1
2025-11-15 14:56:13,31,22,48,25,0,95.0,14,5,1
2025-11-15 15:56:13,25,21,34,25,0,58.9,15,5,1
2025-11-15 16:56:13,30,26,50,25,0,74.4,16,5,1
2025-11-15 17:56:13,24,19,44,25,0,55.7,17,5,1
2025-11-15 18:56:13,30,27,41,25,0,85.5,18,5,1
2025-11-15 19:56:13,25,27,39,25,0,67.4,19,5,1
2025-11-15 20:56:13,21,20,40,25,0,73.7,20,5,1
2025-11-15 21:56:13,31,28,36,25,0,70.1,21,5,1
2025-11-15 22:56:13,16,12,35,25,0,34.0,22,5,1
2025-11-15 23:56:13,8,9,25,20,5,16.2,23,5,1
2025-11-16 00:56:13,12,11,29,23,2,28.8,0,6,1
2025-11-16 01:56:13,9,9,26,19,6,37.9,1,6,1
2025-11-16 02:56:13,6,6,14,18,7,42.6,2,6,1
2025-11-16 03:56:13,7,0,24,22,3,39.9,3,6,1
2025-11-16 04:56:13,2,5,31,25,0,33.5,4,6,1
2025-11-16 05:56:13,4,5,27,23,2,35.3,5,6,1
2025-11-16 06:56:13,10,7,19,12,13,38.1,6,6,1
2025-11-16 07:56:13,18,15,34,25,0,51.4,7,6,1
2025-11-16 08:56:13,15,11,31,25,0,48.4,8,6,1
2025-11-16 09:56:13,17,17,37,25,0,52.5,9,6,1
2025-11-16 10:56:13,32,28,37,25,0,84.8,10,6,1
2025-11-16 11:56:13,28,28,38,25,0,76.1,11,6,1
2025-11-16 12:56:13,24,23,35,25,0,56.9,12,6,1
2025-11-16 13:56:13,27,24,42,25,0,62.4,13,6,1
2025-11-16 14:56:13,27,21,32,25,0,77.4,14,6,1
2025-11-16 15:56:13,19,14,32,25,0,67.6,15,6,1
2025-11-16 16:56:13,14,10,26,24,1,45.3,16,6,1
2025-11-16 17:56:13,22,22,42,25,0,62.4,17,6,1
2025-11-16 18:56:13,36,28,48,25,0,107.7,18,6,1
2025-11-16 19:56:13,30,27,46,25,0,81.9,19,6,1
2025-11-16 20:56:13,27,24,42,25,0,69.6,20,6,1
2025-11-16 21:56:13,18,15,20,17,8,41.6,21,6,1
2025-11-16 22:56:13,14,14,37,25,0,44.0,22,6,1
2025-11-16 23:56:13,13,16,29,25,0,55.7,23,6,1
2025-11-17 00:56:13,8,6,24,21,4,30.6,0,0,0
2025-11-17 01:56:13,4,0,15,10,15,25.8,1,0,0
2025-11-17 02:56:13,3,3,25,21,4,46.2,2,0,0
2025-11-17 03:56:13,5,2,22,19,6,39.8,3,0,0
2025-11-17 04:56:13,3,4,27,20,5,32.7,4,0,0
2025-11-17 05:56:13,3,2,18,13,12,42.7,5,0,0
2025-11-17 06:56:13,8,6,20,15,10,32.2,6,0,0
2025-11-17 07:56:13,11,13,23,20,5,47.0,7,0,0
2025-11-17 08:56:13,13,13,26,19,6,43.7,8,0,0
2025-11-17 09:56:13,18,22,32,25,0,47.6,9,0,0
2025-11-17 10:56:13,22,18,47,25,0,62.1,10,0,0
2025-11-17 11:56:13,29,25,32,25,0,63.8,11,0,0
2025-11-17 12:56:13,29,22,35,25,0,98.2,12,0,0
2025-11-17 13:56:13,13,13,32,25,0,39.6,13,0,0
2025-11-17 14:56:13,21,20,40,25,0,52.4,14,0,0
2025-11-17 15:56:13,21,20,35,25,0,49.5,15,0,0
2025-11-17 16:56:13,18,16,32,25,0,51.6,16,0,0
2025-11-17 17:56:13,23,20,36,25,0,73.4,17,0,0
2025-11-17 18:56:13,29,29,50,25,0,59.3,18,0,0
2025-11-17 19:56:13,28,27,32,25,0,63.9,19,0,0
2025-11-17 20:56:13,15,15,29,25,0,51.1,20,0,0
2025-11-17 21:56:13,17,11,41,25,0,45.0,21,0,0
2025-11-17 22:56:13,19,17,34,25,0,43.5,22,0,0
2025-11-17 23:56:13,11,10,33,25,0,16.0,23,0,0
2025-11-18 00:56:13,11,10,30,24,1,35.2,0,1,0
2025-11-18 01:56:13,5,5,27,20,5,36.7,1,1,0
2025-11-18 02:56:13,5,8,27,22,3,24.0,2,1,0
2025-11-18 03:56:13,3,6,18,16,9,30.2,3,1,0
2025-11-18 04:56:13,2,4,13,12,13,33.7,4,1,0
2025-11-18 05:56:13,6,6,23,23,2,34.3,5,1,0
2025-11-18 06:56:13,11,8,28,25,0,31.1,6,1,0
2025-11-18 07:56:13,9,9,19,15,10,46.9,7,1,0
2025-11-18 08:56:13,6,3,28,24,1,36.9,8,1,0
2025-11-18 09:56:13,19,15,32,25,0,64.9,9,1,0
2025-11-18 10:56:13,24,22,42,25,0,80.1,10,1,0
2025-11-18 11:56:13,32,30,43,25,0,66.2,11,1,0
2025-11-18 12:56:13,20,22,28,25,0,53.7,12,1,0
2025-11-18 13:56:13,19,15,29,25,0,56.4,13,1,0
2025-11-18 14:56:13,31,23,50,25,0,78.4,14,1,0
2025-11-18 15:56:13,23,20,33,25,0,69.4,15,1,0
2025-11-18 16:56:13,12,13,28,21,4,52.9,16,1,0
2025-11-18 17:56:13,22,15,30,24,1,63.2,17,1,0
2025-11-18 18:56:13,21,19,37,25,0,54.8,18,1,0
2025-11-18 19:56:13,21,21,45,25,0,49.0,19,1,0
2025-11-18 20:56:13,18,13,38,25,0,44.8,20,1,0
2025-11-18 21:56:13,19,13,37,25,0,61.9,21,1,0
2025-11-18 22:56:13,16,15,31,25,0,36.7,22,1,0
2025-11-18 23:56:13,9,7,30,23,2,37.8,23,1,0
2025-11-19 00:56:13,7,8,34,25,0,21.1,0,2,0
2025-11-19 01:56:13,5,2,20,15,10,20.8,1,2,0
2025-11-19 02:56:13,5,6,26,23,2,30.8,2,2,0
2025-11-19 03:56:13,5,11,27,22,3,40.7,3,2,0
2025-11-19 04:56:13,6,0,28,21,4,15.8,4,2,0
2025-11-19 05:56:13,5,4,20,17,8,37.9,5,2,0
2025-11-19 06:56:13,5,4,26,20,5,31.4,6,2,0
2025-11-19 07:56:13,12,5,24,18,7,45.0,7,2,0
2025-11-19 08:56:13,14,15,36,25,0,41.3,8,2,0
2025-11-19 09:56:13,16,7,36,25,0,62.6,9,2,0
2025-11-19 10:56:13,22,20,39,25,0,65.7,10,2,0
2025-11-19 11:56:13,28,26,36,25,0,66.1,11,2,0
2025-11-19 12:56:13,26,24,41,25,0,69.2,12,2,0
2025-11-19 13:56:13,20,19,36,25,0,45.8,13,2,0
2025-11-19 14:56:13,12,12,25,19,6,45.1,14,2,0
2025-11-19 15:56:13,21,22,43,25,0,72.9,15,2,0
2025-11-19 16:56:13,16,21,37,25,0,57.5,16,2,0
2025-11-19 17:56:13,16,11,31,24,1,56.3,17,2,0
2025-11-19 18:56:13,20,18,35,25,0,33.2,18,2,0
2025-11-19 19:56:13,15,16,42,25,0,39.0,19,2,0
2025-11-19 20:56:13,22,19,39,25,0,43.1,20,2,0
2025-11-19 21:56:13,22,22,39,25,0,63.1,21,2,0
2025-11-19 22:56:13,7,6,24,22,3,39.0,22,2,0
2025-11-19 23:56:13,4,7,22,17,8,25.1,23,2,0
2025-11-20 00:56:13,7,9,34,25,0,46.9,0,3,0
2025-11-20 01:56:13,1,5,19,20,5,24.7,1,3,0
2025-11-20 02:56:13,7,7,30,25,0,26.8,2,3,0
2025-11-20 03:56:13,8,6,21,18,7,54.1,3,3,0
2025-11-20 04:56:13,2,1,17,13,12,32.5,4,3,0
2025-11-20 05:56:13,3,4,28,22,3,37.1,5,3,0
2025-11-20 06:56:13,7,8,20,18,7,18.7,6,3,0
2025-11-20 07:56:13,7,6,20,19,6,29.4,7,3,0
2025-11-20 08:56:13,11,10,27,23,2,36.6,8,3,0
2025-11-20 09:56:13,20,19,39,25,0,55.3,9,3,0
2025-11-20 10:56:13,23,21,44,25,0,69.7,10,3,0
2025-11-20 11:56:13,12,12,35,25,0,25.9,11,3,0
2025-11-20 12:56:13,25,28,46,25,0,80.7,12,3,0
2025-11-20 13:56:13,24,20,47,25,0,85.7,13,3,0
2025-11-20 14:56:13,19,18,38,25,0,55.9,14,3,0
2025-11-20 15:56:13,20,22,41,25,0,66.9,15,3,0
2025-11-20 16:56:13,11,9,34,25,0,47.6,16,3,0
2025-11-20 17:56:13,18,18,39,25,0,42.9,17,3,0
2025-11-20 18:56:13,19,22,29,25,0,54.0,18,3,0
2025-11-20 19:56:13,26,24,43,25,0,80.5,19,3,0
2025-11-20 20:56:13,22,21,32,25,0,47.5,20,3,0
2025-11-20 21:56:13,25,22,31,25,0,61.9,21,3,0
2025-11-20 22:56:13,15,12,33,25,0,54.3,22,3,0
2025-11-20 23:56:13,14,12,26,24,1,50.9,23,3,0
2025-11-21 00:56:13,9,5,23,19,6,31.4,0,4,0
2025-11-21 01:56:13,3,5,13,10,15,19.9,1,4,0
2025-11-21 02:56:13,3,3,29,22,3,22.2,2,4,0
2025-11-21 03:56:13,3,3,12,9,16,39.5,3,4,0
2025-11-21 04:56:13,3,2,15,14,11,17.5,4,4,0
2025-11-21 05:56:13,3,7,16,8,17,31.4,5,4,0
2025-11-21 06:56:13,12,9,35,25,0,53.5,6,4,0
2025-11-21 07:56:13,9,7,35,25,0,35.6,7,4,0
2025-11-21 08:56:13,22,19,47,25,0,86.2,8,4,0
2025-11-21 09:56:13,14,9,38,25,0,50.2,9,4,0
2025-11-21 10:56:13,17,17,30,24,1,48.5,10,4,0
2025-11-21 11:56:13,25,21,46,25,0,62.8,11,4,0
2025-11-21 12:56:13,24,23,36,25,0,57.0,12,4,0
2025-11-21 13:56:13,18,19,30,23,2,61.3,13,4,0
2025-11-21 14:56:13,25,19,29,23,2,69.7,14,4,0
2025-11-21 15:56:13,28,24,37,25,0,78.9,15,4,0
2025-11-21 16:56:13,20,16,32,25,0,32.5,16,4,0
2025-11-21 17:56:13,27,17,39,25,0,75.4,17,4,0
2025-11-21 18:56:13,25,23,29,25,0,67.1,18,4,0
2025-11-21 19:56:13,20,20,33,25,0,44.8,19,4,0
2025-11-21 20:56:13,17,16,31,25,0,48.6,20,4,0
2025-11-21 21:56:13,22,21,41,25,0,62.2,21,4,0
2025-11-21 22:56:13,7,8,26,24,1,26.8,22,4,0
2025-11-21 23:56:13,8,7,26,22,3,34.8,23,4,0
2025-11-22 00:56:13,10,5,32,25,0,29.1,0,5,1
2025-11-22 01:56:13,6,1,28,23,2,35.2,1,5,1
2025-11-22 02:56:13,5,9,30,25,0,34.7,2,5,1
2025-11-22 03:56:13,4,0,26,19,6,10.9,3,5,1
2025-11-22 04:56:13,6,4,22,16,9,44.2,4,5,1
2025-11-22 05:56:13,5,4,17,18,7,39.1,5,5,1
2025-11-22 06:56:13,10,6,30,25,0,41.8,6,5,1
2025-11-22 07:56:13,11,16,29,23,2,46.2,7,5,1
2025-11-22 08:56:13,9,9,18,16,9,37.3,8,5,1
2025-11-22 09:56:13,18,15,35,25,0,40.8,9,5,1
2025-11-22 10:56:13,26,24,31,25,0,76.3,10,5,1
2025-11-22 11:56:13,26,21,46,25,0,61.2,11,5,1
2025-11-22 12:56:13,17,11,39,25,0,48.4,12,5,1
2025-11-22 13:56:13,22,25,39,25,0,67.4,13,5,1
2025-11-22 14:56:13,22,21,38,25,0,81.2,14,5,1
2025-11-22 15:56:13,13,13,31,24,1,47.8,15,5,1
2025-11-22 16:56:13,15,14,21,20,5,54.0,16,5,1
2025-11-22 17:56:13,27,18,39,25,0,63.3,17,5,1
2025-11-22 18:56:13,30,25,43,25,0,76.2,18,5,1
2025-11-22 19:56:13,32,31,39,25,0,85.5,19,5,1
2025-11-22 20:56:13,20,22,37,25,0,73.7,20,5,1
2025-11-22 21:56:13,18,14,44,25,0,72.3,21,5,1
2025-11-22 22:56:13,20,21,36,25,0,57.7,22,5,1
2025-11-22 23:56:13,10,1,31,25,0,63.5,23,5,1
2025-11-23 00:56:13,5,0,31,24,1,43.1,0,6,1
2025-11-23 01:56:13,7,2,32,25,0,38.4,1,6,1
2025-11-23 02:56:13,4,4,21,15,10,31.9,2,6,1
2025-11-23 03:56:13,2,0,15,13,12,20.3,3,6,1
2025-11-23 04:56:13,4,2,13,13,12,28.7,4,6,1
2025-11-23 05:56:13,2,1,22,17,8,27.4,5,6,1
2025-11-23 06:56:13,7,8,31,25,0,28.1,6,6,1
2025-11-23 07:56:13,8,4,16,12,13,42.8,7,6,1
2025-11-23 08:56:13,7,0,15,11,14,40.7,8,6,1
2025-11-23 09:56:13,15,12,35,25,0,48.3,9,6,1
2025-11-23 10:56:13,21,16,45,25,0,77.7,10,6,1
2025-11-23 11:56:13,21,20,39,25,0,58.9,11,6,1
2025-11-23 12:56:13,21,21,40,25,0,67.2,12,6,1
2025-11-23 13:56:13,29,22,45,25,0,92.0,13,6,1
2025-11-23 14:56:13,20,18,39,25,0,70.5,14,6,1
2025-11-23 15:56:13,19,14,28,25,0,39.6,15,6,1
2025-11-23 16:56:13,24,22,43,25,0,82.7,16,6,1
2025-11-23 17:56:13,21,21,39,25,0,57.5,17,6,1
2025-11-23 18:56:13,30,32,52,25,0,62.8,18,6,1
2025-11-23 19:56:13,23,16,42,25,0,72.2,19,6,1
2025-11-23 20:56:13,28,18,47,25,0,73.1,20,6,1
2025-11-23 21:56:13,28,24,40,25,0,74.1,21,6,1
2025-11-23 22:56:13,14,12,28,22,3,50.2,22,6,1
2025-11-23 23:56:13,12,8,25,21,4,46.0,23,6,1
2025-11-24 00:56:13,13,16,33,25,0,58.1,0,0,0
2025-11-24 01:56:13,4,5,18,14,11,30.3,1,0,0
2025-11-24 02:56:13,4,2,16,12,13,28.2,2,0,0
2025-11-24 03:56:13,5,2,31,23,2,16.1,3,0,0
2025-11-24 04:56:13,2,2,28,18,7,36.8,4,0,0
2025-11-24 05:56:13,5,1,25,19,6,32.2,5,0,0
2025-11-24 06:56:13,8,8,24,16,9,46.5,6,0,0
2025-11-24 07:56:13,7,6,38,25,0,25.5,7,0,0
2025-11-24 08:56:13,6,1,30,25,0,38.6,8,0,0
2025-11-24 09:56:13,22,16,47,25,0,55.6,9,0,0
2025-11-24 10:56:13,27,30,37,25,0,68.8,10,0,0
2025-11-24 11:56:13,19,16,25,22,3,54.3,11,0,0
2025-11-24 12:56:13,27,22,47,25,0,88.3,12,0,0
2025-11-24 13:56:13,21,19,37,25,0,61.1,13,0,0
2025-11-24 14:56:13,12,8,23,19,6,23.4,14,0,0
2025-11-24 15:56:13,19,13,34,25,0,73.8,15,0,0
2025-11-24 16:56:13,20,16,36,25,0,84.4,16,0,0
2025-11-24 17:56:13,24,20,35,25,0,56.8,17,0,0
2025-11-24 18:56:13,29,26,43,25,0,88.0,18,0,0
2025-11-24 19:56:13,25,20,40,25,0,71.2,19,0,0
2025-11-24 20:56:13,29,22,39,25,0,75.8,20,0,0
2025-11-24 21:56:13,19,14,41,25,0,57.5,21,0,0
2025-11-24 22:56:13,15,11,28,25,0,55.6,22,0,0
2025-11-24 23:56:13,10,8,28,24,1,53.8,23,0,0
2025-11-25 00:56:13,6,4,34,25,0,26.5,0,1,0
2025-11-25 01:56:13,5,7,26,22,3,12.2,1,1,0
2025-11-25 02:56:13,10,10,33,25,0,54.0,2,1,0
2025-11-25 03:56:13,3,1,16,13,12,20.8,3,1,0
2025-11-25 04:56:13,2,0,6,9,16,34.9,4,1,0
2025-11-25 05:56:13,2,2,22,17,8,34.1,5,1,0
2025-11-25 06:56:13,4,3,24,17,8,23.9,6,1,0
2025-11-25 07:56:13,8,4,25,21,4,36.5,7,1,0
2025-11-25 08:56:13,11,14,33,23,2,53.5,8,1,0
2025-11-25 09:56:13,17,13,31,25,0,43.9,9,1,0
2025-11-25 10:56:13,23,20,33,24,1,62.7,10,1,0
2025-11-25 11:56:13,19,16,37,25,0,66.2,11,1,0
2025-11-25 12:56:13,14,12,37,25,0,48.5,12,1,0
2025-11-25 13:56:13,18,14,36,25,0,61.0,13,1,0
2025-11-25 14:56:13,19,18,43,25,0,62.3,14,1,0
2025-11-25 15:56:13,26,16,36,25,0,84.8,15,1,0
2025-11-25 16:56:13,20,14,31,25,0,54.2,16,1,0
2025-11-25 17:56:13,25,28,30,23,2,85.0,17,1,0
2025-11-25 18:56:13,19,14,45,25,0,64.8,18,1,0
2025-11-25 19:56:13,28,26,46,25,0,89.8,19,1,0
2025-11-25 20:56:13,25,17,34,25,0,64.7,20,1,0
2025-11-25 21:56:13,19,17,25,21,4,64.4,21,1,0
2025-11-25 22:56:13,10,12,29,23,2,18.1,22,1,0
2025-11-25 23:56:13,10,11,29,25,0,42.2,23,1,0
2025-11-26 00:56:13,8,12,29,20,5,20.4,0,2,0
2025-11-26 01:56:13,3,0,14,12,13,18.8,1,2,0
2025-11-26 02:56:13,3,4,21,19,6,45.0,2,2,0
2025-11-26 03:56:13,6,3,26,21,4,23.8,3,2,0
2025-11-26 04:56:13,4,0,27,24,1,19.9,4,2,0
2025-11-26 05:56:13,9,12,29,23,2,43.3,5,2,0
2025-11-26 06:56:13,7,6,21,16,9,35.1,6,2,0
2025-11-26 07:56:13,9,5,19,13,12,37.8,7,2,0
2025-11-26 08:56:13,8,9,31,25,0,32.2,8,2,0
2025-11-26 09:56:13,22,23,39,25,0,52.7,9,2,0
2025-11-26 10:56:13,22,17,32,25,0,73.9,10,2,0
2025-11-26 11:56:13,30,29,43,25,0,92.0,11,2,0
2025-11-26 12:56:13,20,21,38,25,0,68.5,12,2,0
2025-11-26 13:56:13,17,18,32,25,0,50.5,13,2,0
2025-11-26 14:56:13,16,19,26,22,3,52.9,14,2,0
2025-11-26 15:56:13,21,19,38,25,0,56.1,15,2,0
2025-11-26 16:56:13,26,25,35,25,0,75.6,16,2,0
2025-11-26 17:56:13,16,16,33,25,0,38.1,17,2,0
2025-11-26 18:56:13,22,19,32,25,0,64.2,18,2,0
2025-11-26 19:56:13,22,22,23,21,4,64.2,19,2,0
2025-11-26 20:56:13,22,25,38,25,0,48.5,20,2,0
2025-11-26 21:56:13,17,20,36,25,0,44.0,21,2,0
2025-11-26 22:56:13,13,6,30,25,0,55.0,22,2,0
2025-11-26 23:56:13,15,15,24,19,6,54.8,23,2,0
2025-11-27 00:56:13,6,0,13,11,14,46.3,0,3,0
2025-11-27 01:56:13,4,6,22,17,8,22.3,1,3,0
2025-11-27 02:56:13,5,5,22,21,4,29.9,2,3,0
2025-11-27 03:56:13,6,3,19,18,7,38.6,3,3,0
2025-11-27 04:56:13,2,0,16,12,13,26.4,4,3,0
2025-11-27 05:56:13,6,1,24,19,6,21.6,5,3,0
2025-11-27 06:56:13,5,3,24,23,2,35.9,6,3,0
2025-11-27 07:56:13,15,8,27,20,5,36.1,7,3,0
2025-11-27 08:56:13,14,6,26,23,2,48.3,8,3,0
2025-11-27 09:56:13,22,20,32,25,0,55.4,9,3,0
2025-11-27 10:56:13,20,14,34,25,0,56.0,10,3,0
2025-11-27 11:56:13,35,32,46,25,0,89.6,11,3,0
2025-11-27 12:56:13,27,25,35,25,0,85.8,12,3,0
2025-11-27 13:56:13,13,10,35,25,0,36.3,13,3,0
2025-11-27 14:56:13,22,17,32,25,0,57.9,14,3,0
2025-11-27 15:56:13,17,13,41,25,0,64.9,15,3,0
2025-11-27 16:56:13,16,11,30,25,0,65.0,16,3,0
2025-11-27 17:56:13,20,17,29,25,0,52.8,17,3,0
2025-11-27 18:56:13,19,14,35,25,0,54.3,18,3,0
2025-11-27 19:56:13,33,32,47,25,0,87.4,19,3,0
2025-11-27 20:56:13,22,23,32,24,1,56.6,20,3,0
2025-11-27 21:56:13,19,17,27,22,3,61.0,21,3,0
2025-11-27 22:56:13,13,11,30,25,0,24.0,22,3,0
2025-11-27 23:56:13,15,7,35,25,0,42.0,23,3,0
2025-11-28 00:56:13,12,12,25,23,2,32.6,0,4,0
2025-11-28 01:56:13,6,5,24,21,4,41.5,1,4,0
2025-11-28 02:56:13,4,7,26,19,6,29.8,2,4,0
2025-11-28 03:56:13,7,4,22,19,6,44.1,3,4,0
2025-11-28 04:56:13,6,1,27,23,2,29.2,4,4,0
2025-11-28 05:56:13,5,5,23,19,6,41.2,5,4,0
2025-11-28 06:56:13,9,11,28,20,5,58.2,6,4,0
2025-11-28 07:56:13,6,5,26,22,3,35.6,7,4,0
2025-11-28 08:56:13,17,20,36,25,0,67.6,8,4,0
2025-11-28 09:56:13,18,14,35,25,0,61.5,9,4,0
2025-11-28 10:56:13,17,13,43,25,0,37.1,10,4,0
2025-11-28 11:56:13,25,21,29,24,1,49.2,11,4,0
2025-11-28 12:56:13,31,27,53,25,0,73.4,12,4,0
2025-11-28 13:56:13,24,23,25,19,6,63.1,13,4,0
2025-11-28 14:56:13,16,12,27,23,2,51.2,14,4,0
2025-11-28 15:56:13,25,18,37,25,0,91.7,15,4,0
2025-11-28 16:56:13,22,19,34,25,0,56.2,16,4,0
2025-11-28 17:56:13,24,13,43,25,0,56.5,17,4,0
2025-11-28 18:56:13,29,24,45,25,0,77.8,18,4,0
2025-11-28 19:56:13,32,27,37,25,0,93.3,19,4,0
2025-11-28 20:56:13,23,21,37,25,0,58.6,20,4,0
2025-11-28 21:56:13,19,16,42,25,0,67.6,21,4,0
2025-11-28 22:56:13,15,14,27,21,4,51.9,22,4,0
2025-11-28 23:56:13,12,10,32,25,0,28.6,23,4,0
2025-11-29 00:56:13,6,9,23,18,7,27.9,0,5,1
2025-11-29 01:56:13,2,2,28,23,2,32.6,1,5,1
2025-11-29 02:56:13,9,6,33,25,0,44.0,2,5,1
2025-11-29 03:56:13,3,3,29,25,0,25.4,3,5,1
2025-11-29 04:56:13,5,0,29,23,2,45.6,4,5,1
2025-11-29 05:56:13,4,0,16,13,12,16.4,5,5,1
2025-11-29 06:56:13,8,11,25,21,4,46.7,6,5,1
2025-11-29 07:56:13,13,3,32,25,0,30.8,7,5,1
2025-11-29 08:56:13,18,13,34,25,0,56.9,8,5,1
2025-11-29 09:56:13,19,17,37,25,0,51.5,9,5,1
2025-11-29 10:56:13,21,18,34,25,0,59.0,10,5,1
2025-11-29 11:56:13,23,17,30,25,0,61.2,11,5,1
2025-11-29 12:56:13,35,30,47,25,0,108.1,12,5,1
2025-11-29 13:56:13,21,16,34,25,0,85.5,13,5,1
2025-11-29 14:56:13,22,12,39,25,0,76.8,14,5,1
2025-11-29 15:56:13,22,21,43,25,0,33.9,15,5,1
2025-11-29 16:56:13,17,13,28,21,4,55.1,16,5,1
2025-11-29 17:56:13,17,11,36,24,1,45.4,17,5,1
2025-11-29 18:56:13,19,18,39,25,0,58.5,18,5,1
2025-11-29 19:56:13,26,25,42,25,0,48.1,19,5,1
2025-11-29 20:56:13,30,28,37,25,0,98.7,20,5,1
2025-11-29 21:56:13,21,15,33,25,0,46.4,21,5,1
2025-11-29 22:56:13,15,16,39,25,0,31.6,22,5,1
2025-11-29 23:56:13,14,19,31,23,2,49.6,23,5,1
2025-11-30 00:56:13,11,9,33,25,0,49.6,0,6,1
2025-11-30 01:56:13,7,3,24,19,6,20.4,1,6,1
2025-11-30 02:56:13,5,7,34,25,0,41.6,2,6,1
2025-11-30 03:56:13,3,1,29,25,0,31.1,3,6,1
2025-11-30 04:56:13,2,0,19,15,10,18.3,4,6,1
2025-11-30 05:56:13,4,5,21,15,10,18.3,5,6,1
2025-11-30 06:56:13,8,7,34,25,0,37.0,6,6,1
2025-11-30 07:56:13,9,5,25,20,5,20.8,7,6,1
2025-11-30 08:56:13,18,10,39,25,0,51.3,8,6,1
2025-11-30 09:56:13,23,25,43,25,0,70.2,9,6,1
2025-11-30 10:56:13,21,21,41,25,0,63.7,10,6,1
2025-11-30 11:56:13,28,21,32,25,0,76.2,11,6,1
2025-11-30 12:56:13,23,21,32,25,0,60.0,12,6,1
2025-11-30 13:56:13,28,26,40,25,0,86.4,13,6,1
2025-11-30 14:56:13,24,20,47,25,0,69.0,14,6,1
2025-11-30 15:56:13,14,10,33,24,1,52.0,15,6,1
2025-11-30 16:56:13,28,24,42,25,0,66.3,16,6,1
2025-11-30 17:56:13,31,27,42,25,0,87.8,17,6,1
2025-11-30 18:56:13,29,28,40,25,0,69.0,18,6,1
2025-11-30 19:56:13,28,26,44,25,0,83.6,19,6,1
2025-11-30 20:56:13,15,10,38,25,0,53.5,20,6,1
2025-11-30 21:56:13,19,22,40,25,0,54.3,21,6,1
2025-11-30 22:56:13,7,9,29,24,1,20.1,22,6,1
2025-11-30 23:56:13,11,8,28,24,1,20.1,23,6,1
2025-12-01 00:56:13,7,9,30,25,0,32.7,0,0,0
2025-12-01 01:56:13,5,8,25,18,7,27.9,1,0,0
2025-12-01 02:56:13,5,2,21,16,9,31.2,2,0,0
2025-12-01 03:56:13,1,3,21,16,9,16.6,3,0,0
2025-12-01 04:56:13,3,4,26,24,1,41.6,4,0,0
2025-12-01 05:56:13,3,4,24,18,7,14.5,5,0,0
2025-12-01 06:56:13,7,2,28,24,1,43.0,6,0,0
2025-12-01 07:56:13,6,4,29,24,1,27.4,7,0,0
2025-12-01 08:56:13,17,12,27,24,1,58.7,8,0,0
2025-12-01 09:56:13,19,16,32,23,2,60.3,9,0,0
2025-12-01 10:56:13,19,16,39,25,0,61.1,10,0,0
2025-12-01 11:56:13,17,16,33,25,0,55.5,11,0,0
2025-12-01 12:56:13,20,16,33,25,0,73.6,12,0,0
2025-12-01 13:56:13,16,10,27,24,1,65.5,13,0,0
2025-12-01 14:56:13,21,18,41,25,0,71.7,14,0,0
2025-12-01 15:56:13,21,21,42,25,0,51.1,15,0,0
2025-12-01 16:56:13,25,18,40,25,0,85.2,16,0,0
2025-12-01 17:56:13,22,19,42,25,0,65.3,17,0,0
2025-12-01 18:56:13,29,28,42,25,0,80.3,18,0,0
2025-12-01 19:56:13,27,23,48,25,0,76.8,19,0,0
2025-12-01 20:56:13,18,17,42,25,0,53.6,20,0,0
2025-12-01 21:56:13,14,15,32,25,0,48.1,21,0,0
2025-12-01 22:56:13,18,14,31,24,1,53.2,22,0,0
2025-12-01 23:56:13,13,12,29,23,2,46.3,23,0,0
2025-12-02 00:56:13,6,7,25,19,6,31.9,0,1,0
2025-12-02 01:56:13,7,6,28,19,6,33.9,1,1,0
2025-12-02 02:56:13,9,5,25,22,3,44.9,2,1,0
2025-12-02 03:56:13,6,12,21,18,7,20.3,3,1,0
2025-12-02 04:56:13,1,0,29,23,2,38.7,4,1,0
2025-12-02 05:56:13,4,1,28,24,1,12.6,5,1,0
2025-12-02 06:56:13,10,16,36,25,0,37.7,6,1,0
2025-12-02 07:56:13,7,5,27,22,3,37.7,7,1,0
2025-12-02 08:56:13,14,11,25,21,4,40.0,8,1,0
2025-12-02 09:56:13,20,14,32,25,0,56.8,9,1,0
2025-12-02 10:56:13,30,29,46,25,0,67.7,10,1,0
2025-12-02 11:56:13,25,24,33,25,0,79.3,11,1,0
2025-12-02 12:56:13,25,25,34,25,0,79.0,12,1,0
2025-12-02 13:56:13,18,12,31,23,2,43.3,13,1,0
2025-12-02 14:56:13,26,23,42,25,0,67.2,14,1,0
2025-12-02 15:56:13,22,23,44,25,0,60.0,15,1,0
2025-12-02 16:56:13,31,29,44,25,0,86.9,16,1,0
2025-12-02 17:56:13,18,12,32,25,0,57.3,17,1,0
2025-12-02 18:56:13,26,24,40,25,0,74.0,18,1,0
2025-12-02 19:56:13,29,26,33,25,0,70.1,19,1,0
2025-12-02 20:56:13,25,19,39,25,0,74.1,20,1,0
2025-12-02 21:56:13,19,15,35,25,0,59.9,21,1,0
2025-12-02 22:56:13,11,11,13,11,14,36.5,22,1,0
2025-12-02 23:56:13,10,7,27,21,4,45.8,23,1,0
2025-12-03 00:56:13,7,9,29,22,3,36.6,0,2,0
2025-12-03 01:56:13,5,6,30,25,0,30.2,1,2,0
2025-12-03 02:56:13,9,9,26,17,8,22.9,2,2,0
2025-12-03 03:56:13,3,1,17,13,12,7.1,3,2,0
2025-12-03 04:56:13,1,0,31,25,0,14.5,4,2,0
2025-12-03 05:56:13,6,0,31,25,0,39.6,5,2,0
2025-12-03 06:56:13,6,1,20,19,6,31.7,6,2,0
2025-12-03 07:56:13,5,5,27,22,3,12.9,7,2,0
2025-12-03 08:56:13,16,18,30,25,0,52.5,8,2,0
2025-12-03 09:56:13,15,18,27,20,5,52.5,9,2,0
2025-12-03 10:56:13,14,14,30,23,2,49.9,10,2,0
2025-12-03 11:56:13,29,27,39,25,0,81.0,11,2,0
2025-12-03 12:56:13,18,18,46,25,0,57.1,12,2,0
2025-12-03 13:56:13,22,20,34,25,0,61.2,13,2,0
2025-12-03 14:56:13,18,15,27,21,4,30.3,14,2,0
2025-12-03 15:56:13,14,16,28,24,1,48.4,15,2,0
2025-12-03 16:56:13,21,13,34,25,0,70.7,16,2,0
2025-12-03 17:56:13,18,14,37,25,0,48.6,17,2,0
2025-12-03 18:56:13,19,18,41,25,0,59.7,18,2,0
2025-12-03 19:56:13,18,14,32,25,0,58.0,19,2,0
2025-12-03 20:56:13,21,13,33,25,0,51.9,20,2,0
2025-12-03 21:56:13,9,6,25,19,6,50.1,21,2,0
2025-12-03 22:56:13,18,14,27,20,5,59.8,22,2,0
2025-12-03 23:56:13,12,11,25,20,5,35.0,23,2,0
2025-12-04 00:56:13,14,16,39,25,0,53.9,0,3,0
2025-12-04 01:56:13,5,7,29,20,5,45.3,1,3,0
2025-12-04 02:56:13,4,1,25,21,4,25.1,2,3,0
2025-12-04 03:56:13,3,5,33,25,0,13.4,3,3,0
2025-12-04 04:56:13,6,8,26,19,6,30.0,4,3,0
2025-12-04 05:56:13,6,4,23,21,4,34.2,5,3,0
2025-12-04 06:56:13,9,8,24,22,3,58.4,6,3,0
2025-12-04 07:56:13,8,10,27,23,2,54.6,7,3,0
2025-12-04 08:56:13,14,5,27,22,3,39.2,8,3,0
2025-12-04 09:56:13,9,8,28,25,0,21.7,9,3,0
2025-12-04 10:56:13,26,20,39,25,0,62.2,10,3,0
2025-12-04 11:56:13,26,22,39,25,0,70.3,11,3,0
2025-12-04 12:56:13,26,23,38,25,0,79.9,12,3,0
2025-12-04 13:56:13,21,18,34,25,0,46.1,13,3,0
2025-12-04 14:56:13,21,15,27,25,0,62.1,14,3,0
2025-12-04 15:56:13,25,25,42,25,0,72.3,15,3,0
2025-12-04 16:56:13,21,25,35,25,0,71.2,16,3,0
2025-12-04 17:56:13,27,22,37,25,0,89.1,17,3,0
2025-12-04 18:56:13,21,21,33,24,1,66.3,18,3,0
2025-12-04 19:56:13,31,21,43,25,0,83.3,19,3,0
2025-12-04 20:56:13,31,26,49,25,0,69.3,20,3,0
2025-12-04 21:56:13,17,15,34,25,0,57.1,21,3,0
2025-12-04 22:56:13,14,15,29,21,4,40.3,22,3,0
2025-12-04 23:56:13,11,16,36,25,0,59.4,23,3,0
2025-12-05 00:56:13,4,5,27,25,0,27.8,0,4,0
2025-12-05 01:56:13,7,5,18,18,7,32.8,1,4,0
2025-12-05 02:56:13,5,6,20,17,8,40.3,2,4,0
2025-12-05 03:56:13,6,4,26,20,5,55.4,3,4,0
2025-12-05 04:56:13,0,1,19,13,12,18.7,4,4,0
2025-12-05 05:56:13,5,2,22,18,7,36.9,5,4,0
2025-12-05 06:56:13,3,5,23,19,6,30.4,6,4,0
2025-12-05 07:56:13,10,7,30,25,0,33.1,7,4,0
2025-12-05 08:56:13,18,16,39,25,0,65.1,8,4,0
2025-12-05 09:56:13,26,24,40,25,0,79.5,9,4,0
2025-12-05 10:56:13,21,18,39,25,0,53.3,10,4,0
2025-12-05 11:56:13,25,16,39,25,0,72.7,11,4,0
2025-12-05 12:56:13,24,21,43,25,0,63.0,12,4,0
2025-12-05 13:56:13,18,13,35,25,0,51.9,13,4,0
2025-12-05 14:56:13,24,21,32,23,2,66.8,14,4,0
2025-12-05 15:56:13,12,4,28,24,1,54.4,15,4,0
2025-12-05 16:56:13,24,21,34,25,0,61.6,16,4,0
2025-12-05 17:56:13,18,15,25,20,5,66.3,17,4,0
2025-12-05 18:56:13,29,28,41,25,0,79.5,18,4,0
2025-12-05 19:56:13,24,21,44,25,0,57.7,19,4,0
2025-12-05 20:56:13,16,15,31,25,0,55.6,20,4,0
2025-12-05 21:56:13,15,9,33,25,0,44.9,21,4,0
2025-12-05 22:56:13,14,9,30,23,2,77.4,22,4,0
2025-12-05 23:56:13,13,13,33,25,0,64.1,23,4,0
2025-12-06 00:56:13,9,8,30,25,0,47.7,0,5,1
2025-12-06 01:56:13,8,5,23,18,7,20.7,1,5,1
2025-12-06 02:56:13,4,4,29,23,2,30.7,2,5,1
2025-12-06 03:56:13,3,4,27,21,4,12.6,3,5,1
2025-12-06 04:56:13,5,4,16,11,14,22.2,4,5,1
2025-12-06 05:56:13,9,5,35,25,0,23.0,5,5,1
2025-12-06 06:56:13,12,8,22,18,7,53.7,6,5,1
2025-12-06 07:56:13,10,13,26,20,5,38.2,7,5,1
2025-12-06 08:56:13,13,8,33,25,0,47.8,8,5,1
2025-12-06 09:56:13,25,24,31,24,1,51.8,9,5,1
2025-12-06 10:56:13,16,11,38,25,0,41.9,10,5,1
2025-12-06 11:56:13,20,17,40,25,0,64.4,11,5,1
2025-12-06 12:56:13,23,17,40,25,0,63.5,12,5,1
2025-12-06 13:56:13,21,17,38,25,0,60.4,13,5,1
2025-12-06 14:56:13,23,21,44,25,0,70.1,14,5,1
2025-12-06 15:56:13,23,14,34,25,0,62.5,15,5,1
2025-12-06 16:56:13,20,17,32,25,0,57.6,16,5,1
2025-12-06 17:56:13,25,20,43,25,0,51.6,17,5,1
2025-12-06 18:56:13,24,20,38,25,0,64.4,18,5,1
2025-12-06 19:56:13,36,32,48,25,0,96.5,19,5,1
2025-12-06 20:56:13,38,30,47,25,0,102.6,20,5,1
2025-12-06 21:56:13,18,13,34,25,0,52.0,21,5,1
2025-12-06 22:56:13,17,11,31,23,2,75.8,22,5,1
2025-12-06 23:56:13,5,3,29,21,4,34.6,23,5,1
2025-12-07 00:56:13,8,7,29,24,1,27.5,0,6,1
2025-12-07 01:56:13,7,0,22,19,6,30.2,1,6,1
2025-12-07 02:56:13,6,4,23,14,11,17.4,2,6,1
2025-12-07 03:56:13,1,1,14,13,12,26.2,3,6,1
2025-12-07 04:56:13,4,2,18,14,11,35.6,4,6,1
2025-12-07 05:56:13,4,2,33,25,0,27.0,5,6,1
2025-12-07 06:56:13,7,11,15,12,13,33.9,6,6,1
2025-12-07 07:56:13,9,6,29,25,0,38.9,7,6,1
2025-12-07 08:56:13,19,13,37,25,0,31.8,8,6,1
2025-12-07 09:56:13,18,17,40,25,0,56.4,9,6,1
2025-12-07 10:56:13,23,17,31,25,0,80.1,10,6,1
2025-12-07 11:56:13,26,16,37,25,0,84.1,11,6,1
2025-12-07 12:56:13,24,21,41,25,0,75.4,12,6,1
2025-12-07 13:56:13,21,16,30,25,0,54.1,13,6,1
2025-12-07 14:56:13,24,21,37,25,0,63.8,14,6,1
2025-12-07 15:56:13,17,8,30,25,0,60.1,15,6,1
2025-12-07 16:56:13,18,12,31,25,0,56.2,16,6,1
2025-12-07 17:56:13,32,33,44,25,0,87.3,17,6,1
2025-12-07 18:56:13,32,29,42,25,0,83.7,18,6,1
2025-12-07 19:56:13,20,24,39,25,0,46.6,19,6,1
2025-12-07 20:56:13,30,28,52,25,0,91.3,20,6,1
2025-12-07 21:56:13,18,16,41,25,0,66.5,21,6,1
2025-12-07 22:56:13,15,12,33,25,0,54.0,22,6,1
2025-12-07 23:56:13,11,10,26,22,3,37.7,23,6,1
2025-12-08 00:56:13,6,8,18,15,10,51.0,0,0,0
2025-12-08 01:56:13,7,5,31,25,0,28.5,1,0,0
2025-12-08 02:56:13,4,5,29,25,0,13.6,2,0,0
2025-12-08 03:56:13,1,0,23,18,7,38.2,3,0,0
2025-12-08 04:56:13,6,5,28,25,0,42.4,4,0,0
2025-12-08 05:56:13,3,0,24,20,5,22.8,5,0,0
2025-12-08 06:56:13,9,8,23,21,4,39.5,6,0,0
2025-12-08 07:56:13,13,12,40,25,0,42.6,7,0,0
2025-12-08 08:56:13,11,4,14,14,11,49.6,8,0,0
2025-12-08 09:56:13,21,19,44,25,0,60.2,9,0,0
2025-12-08 10:56:13,28,25,38,25,0,86.1,10,0,0
2025-12-08 11:56:13,22,15,37,25,0,64.1,11,0,0
2025-12-08 12:56:13,19,21,38,25,0,40.7,12,0,0
2025-12-08 13:56:13,22,19,34,25,0,50.8,13,0,0
2025-12-08 14:56:13,26,22,42,25,0,62.5,14,0,0
2025-12-08 15:56:13,20,16,33,25,0,72.6,15,0,0
2025-12-08 16:56:13,20,14,36,25,0,63.3,16,0,0
2025-12-08 17:56:13,24,23,37,25,0,67.0,17,0,0
2025-12-08 18:56:13,22,25,42,25,0,56.3,18,0,0
2025-12-08 19:56:13,17,14,37,25,0,57.9,19,0,0
2025-12-08 20:56:13,19,15,33,25,0,50.3,20,0,0
2025-12-08 21:56:13,20,17,33,25,0,37.9,21,0,0
2025-12-08 22:56:13,16,13,37,25,0,46.3,22,0,0
2025-12-08 23:56:13,13,8,27,23,2,49.4,23,0,0
2025-12-09 00:56:13,8,6,20,16,9,13.3,0,1,0
2025-12-09 01:56:13,5,5,28,22,3,11.0,1,1,0
2025-12-09 02:56:13,3,11,18,19,6,10.4,2,1,0
2025-12-09 03:56:13,2,0,25,19,6,27.1,3,1,0
2025-12-09 04:56:13,5,6,26,25,0,28.6,4,1,0
2025-12-09 05:56:13,7,5,24,20,5,65.0,5,1,0
2025-12-09 06:56:13,11,14,42,25,0,53.0,6,1,0
2025-12-09 07:56:13,5,5,11,10,15,21.9,7,1,0
2025-12-09 08:56:13,13,15,30,25,0,34.9,8,1,0
2025-12-09 09:56:13,15,17,31,25,0,51.6,9,1,0
2025-12-09 10:56:13,19,15,29,25,0,59.8,10,1,0
2025-12-09 11:56:13,25,18,33,25,0,73.6,11,1,0
2025-12-09 12:56:13,22,16,41,25,0,93.3,12,1,0
2025-12-09 13:56:13,19,14,36,25,0,64.1,13,1,0
2025-12-09 14:56:13,19,15,24,19,6,55.0,14,1,0
2025-12-09 15:56:13,22,18,35,25,0,58.3,15,1,0
2025-12-09 16:56:13,17,15,30,24,1,47.6,16,1,0
2025-12-09 17:56:13,17,16,39,25,0,37.8,17,1,0
2025-12-09 18:56:13,27,19,29,25,0,80.7,18,1,0
2025-12-09 19:56:13,26,22,37,25,0,49.3,19,1,0
2025-12-09 20:56:13,30,30,37,25,0,84.5,20,1,0
2025-12-09 21:56:13,19,9,35,25,0,57.3,21,1,0
2025-12-09 22:56:13,16,13,32,25,0,43.1,22,1,0
2025-12-09 23:56:13,9,7,35,25,0,43.1,23,1,0
2025-12-10 00:56:13,7,6,28,21,4,46.5,0,2,0
2025-12-10 01:56:13,5,5,27,23,2,41.8,1,2,0
2025-12-10 02:56:13,3,4,22,14,11,42.7,2,2,0
2025-12-10 03:56:13,5,7,24,17,8,34.9,3,2,0
2025-12-10 04:56:13,4,2,23,18,7,35.0,4,2,0
2025-12-10 05:56:13,7,8,41,25,0,40.0,5,2,0
2025-12-10 06:56:13,8,5,29,20,5,40.5,6,2,0
2025-12-10 07:56:13,11,14,29,25,0,32.0,7,2,0
2025-12-10 08:56:13,14,12,39,25,0,40.0,8,2,0
2025-12-10 09:56:13,14,14,33,25,0,38.0,9,2,0
2025-12-10 10:56:13,23,17,44,25,0,70.7,10,2,0
2025-12-10 11:56:13,21,21,32,25,0,59.9,11,2,0
2025-12-10 12:56:13,19,18,40,25,0,57.4,12,2,0
2025-12-10 13:56:13,28,25,44,25,0,97.8,13,2,0
2025-12-10 14:56:13,28,24,43,25,0,100.9,14,2,0
2025-12-10 15:56:13,22,18,42,25,0,44.3,15,2,0
2025-12-10 16:56:13,20,18,38,25,0,45.7,16,2,0
2025-12-10 17:56:13,20,21,40,25,0,69.5,17,2,0
2025-12-10 18:56:13,25,27,40,25,0,70.0,18,2,0
2025-12-10 19:56:13,22,22,44,25,0,60.4,19,2,0
2025-12-10 20:56:13,26,25,41,25,0,98.4,20,2,0
2025-12-10 21:56:13,10,16,28,25,0,36.3,21,2,0
2025-12-10 22:56:13,8,5,22,20,5,44.7,22,2,0
2025-12-10 23:56:13,7,3,26,23,2,51.1,23,2,0
2025-12-11 00:56:13,7,6,33,25,0,46.2,0,3,0
2025-12-11 01:56:13,3,2,23,19,6,33.5,1,3,0
2025-12-11 02:56:13,0,0,21,18,7,27.0,2,3,0
2025-12-11 03:56:13,3,0,25,21,4,32.2,3,3,0
2025-12-11 04:56:13,2,0,17,16,9,47.4,4,3,0
2025-12-11 05:56:13,4,2,19,16,9,12.7,5,3,0
2025-12-11 06:56:13,7,8,30,25,0,19.6,6,3,0
2025-12-11 07:56:13,9,10,27,25,0,28.0,7,3,0
2025-12-11 08:56:13,12,14,29,24,1,15.7,8,3,0
2025-12-11 09:56:13,18,11,41,25,0,52.4,9,3,0
2025-12-11 10:56:13,24,20,36,25,0,60.8,10,3,0
2025-12-11 11:56:13,17,14,31,25,0,39.2,11,3,0
2025-12-11 12:56:13,23,15,28,25,0,52.9,12,3,0
2025-12-11 13:56:13,25,21,43,25,0,56.6,13,3,0
2025-12-11 14:56:13,27,28,52,25,0,64.7,14,3,0
2025-12-11 15:56:13,26,22,37,25,0,85.2,15,3,0
2025-12-11 16:56:13,23,22,33,25,0,75.8,16,3,0
2025-12-11 17:56:13,20,16,27,19,6,54.9,17,3,0
2025-12-11 18:56:13,20,13,28,25,0,47.4,18,3,0
2025-12-11 19:56:13,31,24,55,25,0,97.8,19,3,0
2025-12-11 20:56:13,11,11,39,25,0,37.0,20,3,0
2025-12-11 21:56:13,17,15,28,23,2,68.2,21,3,0
2025-12-11 22:56:13,13,11,32,25,0,29.0,22,3,0
2025-12-11 23:56:13,14,16,27,21,4,43.4,23,3,0
2025-12-12 00:56:13,5,1,27,20,5,47.7,0,4,0
2025-12-12 01:56:13,5,3,25,22,3,33.9,1,4,0
2025-12-12 02:56:13,4,0,36,25,0,24.1,2,4,0
2025-12-12 03:56:13,4,4,24,18,7,30.7,3,4,0
2025-12-12 04:56:13,2,4,18,15,10,24.7,4,4,0
2025-12-12 05:56:13,3,0,20,18,7,25.1,5,4,0
2025-12-12 06:56:13,3,2,26,21,4,13.9,6,4,0
2025-12-12 07:56:13,15,11,36,25,0,44.1,7,4,0
2025-12-12 08:56:13,16,18,40,25,0,49.6,8,4,0
2025-12-12 09:56:13,20,16,31,24,1,56.5,9,4,0
2025-12-12 10:56:13,17,18,38,25,0,34.5,10,4,0
2025-12-12 11:56:13,28,28,42,25,0,74.1,11,4,0
2025-12-12 12:56:13,25,20,45,25,0,93.2,12,4,0
2025-12-12 13:56:13,21,22,42,25,0,58.1,13,4,0
2025-12-12 14:56:13,17,15,31,25,0,67.9,14,4,0
2025-12-12 15:56:13,18,16,32,25,0,54.9,15,4,0
2025-12-12 16:56:13,18,15,35,25,0,46.7,16,4,0
2025-12-12 17:56:13,26,23,40,25,0,72.3,17,4,0
2025-12-12 18:56:13,30,23,38,25,0,107.8,18,4,0
2025-12-12 19:56:13,26,18,30,25,0,93.5,19,4,0
2025-12-12 20:56:13,21,20,41,25,0,56.9,20,4,0
2025-12-12 21:56:13,19,15,33,23,2,49.8,21,4,0
2025-12-12 22:56:13,10,12,33,25,0,38.3,22,4,0
2025-12-12 23:56:13,10,8,38,25,0,34.8,23,4,0
2025-12-13 00:56:13,13,7,30,22,3,54.8,0,5,1
2025-12-13 01:56:13,3,6,20,18,7,31.2,1,5,1
2025-12-13 02:56:13,6,9,21,17,8,41.7,2,5,1
2025-12-13 03:56:13,2,0,24,19,6,12.6,3,5,1
2025-12-13 04:56:13,5,3,19,19,6,43.5,4,5,1
2025-12-13 05:56:13,5,3,24,19,6,16.5,5,5,1
2025-12-13 06:56:13,8,9,24,19,6,36.3,6,5,1
2025-12-13 07:56:13,10,5,19,14,11,34.8,7,5,1
2025-12-13 08:56:13,13,11,33,24,1,52.6,8,5,1
2025-12-13 09:56:13,18,15,31,25,0,54.5,9,5,1
2025-12-13 10:56:13,18,17,24,22,3,84.6,10,5,1
2025-12-13 11:56:13,23,22,41,25,0,63.2,11,5,1
2025-12-13 12:56:13,26,23,41,25,0,57.7,12,5,1
2025-12-13 13:56:13,23,21,34,25,0,84.2,13,5,1
2025-12-13 14:56:13,28,22,44,25,0,58.6,14,5,1
2025-12-13 15:56:13,24,26,43,25,0,55.3,15,5,1
2025-12-13 16:56:13,29,24,43,25,0,83.7,16,5,1
2025-12-13 17:56:13,23,28,33,25,0,71.9,17,5,1
2025-12-13 18:56:13,31,22,35,25,0,91.0,18,5,1
2025-12-13 19:56:13,32,29,48,25,0,79.5,19,5,1
2025-12-13 20:56:13,19,17,37,25,0,55.8,20,5,1
2025-12-13 21:56:13,16,9,30,24,1,43.0,21,5,1
2025-12-13 22:56:13,15,12,24,23,2,57.4,22,5,1
2025-12-13 23:56:13,11,9,23,20,5,34.8,23,5,1
2025-12-14 00:56:13,17,17,36,25,0,61.3,0,6,1
2025-12-14 01:56:13,4,0,23,21,4,21.9,1,6,1
2025-12-14 02:56:13,3,0,20,17,8,23.3,2,6,1
2025-12-14 03:56:13,5,2,22,16,9,44.7,3,6,1
2025-12-14 04:56:13,3,2,13,14,11,13.1,4,6,1
2025-12-14 05:56:13,7,9,21,18,7,40.8,5,6,1
2025-12-14 06:56:13,10,2,28,20,5,30.9,6,6,1
2025-12-14 07:56:13,10,5,35,25,0,42.3,7,6,1
2025-12-14 08:56:13,12,9,26,21,4,41.2,8,6,1
2025-12-14 09:56:13,21,18,35,25,0,62.3,9,6,1
2025-12-14 10:56:13,23,19,41,25,0,53.6,10,6,1
2025-12-14 11:56:13,29,24,46,25,0,81.5,11,6,1
2025-12-14 12:56:13,24,21,41,25,0,72.7,12,6,1
2025-12-14 13:56:13,22,15,36,25,0,59.9,13,6,1
2025-12-14 14:56:13,23,20,36,25,0,67.1,14,6,1
2025-12-14 15:56:13,25,22,46,25,0,71.4,15,6,1
2025-12-14 16:56:13,32,29,44,25,0,68.3,16,6,1
2025-12-14 17:56:13,20,18,35,25,0,47.5,17,6,1
2025-12-14 18:56:13,24,22,33,25,0,75.7,18,6,1
2025-12-14 19:56:13,23,24,44,25,0,54.8,19,6,1
2025-12-14 20:56:13,33,28,45,25,0,74.4,20,6,1
2025-12-14 21:56:13,19,20,34,25,0,64.8,21,6,1
2025-12-14 22:56:13,19,20,31,25,0,57.2,22,6,1
2025-12-14 23:56:13,13,7,37,25,0,32.2,23,6,1
2025-12-15 00:56:13,7,7,32,25,0,30.2,0,0,0
2025-12-15 01:56:13,10,10,22,16,9,30.5,1,0,0
2025-12-15 02:56:13,2,0,23,20,5,22.0,2,0,0
2025-12-15 03:56:13,6,10,28,23,2,35.0,3,0,0
2025-12-15 04:56:13,6,2,23,17,8,48.8,4,0,0
2025-12-15 05:56:13,6,4,30,25,0,32.6,5,0,0
2025-12-15 06:56:13,6,7,16,12,13,37.4,6,0,0
2025-12-15 07:56:13,10,7,33,25,0,23.6,7,0,0
2025-12-15 08:56:13,11,8,18,11,14,44.6,8,0,0
2025-12-15 09:56:13,14,16,24,19,6,29.8,9,0,0
2025-12-15 10:56:13,21,21,34,25,0,60.3,10,0,0
2025-12-15 11:56:13,23,22,53,25,0,83.7,11,0,0
2025-12-15 12:56:13,18,14,34,25,0,47.4,12,0,0
2025-12-15 13:56:13,25,25,37,25,0,53.7,13,0,0
2025-12-15 14:56:13,22,15,37,25,0,61.0,14,0,0
2025-12-15 15:56:13,22,20,37,25,0,68.4,15,0,0
2025-12-15 16:56:13,22,22,41,25,0,58.9,16,0,0
2025-12-15 17:56:13,19,17,43,25,0,50.4,17,0,0
2025-12-15 18:56:13,28,24,47,25,0,85.5,18,0,0
2025-12-15 19:56:13,30,26,47,25,0,60.2,19,0,0
2025-12-15 20:56:13,26,28,45,25,0,65.3,20,0,0
2025-12-15 21:56:13,14,15,27,21,4,39.4,21,0,0
2025-12-15 22:56:13,13,16,30,25,0,62.9,22,0,0
2025-12-15 23:56:13,9,8,27,21,4,26.1,23,0,0
2025-12-16 00:56:13,4,0,19,15,10,20.8,0,1,0
2025-12-16 01:56:13,2,3,22,22,3,29.7,1,1,0
2025-12-16 02:56:13,3,2,24,17,8,31.9,2,1,0
2025-12-16 03:56:13,4,11,28,21,4,17.1,3,1,0
2025-12-16 04:56:13,5,0,26,20,5,9.7,4,1,0
2025-12-16 05:56:13,3,2,18,17,8,28.5,5,1,0
2025-12-16 06:56:13,6,1,30,24,1,44.9,6,1,0
2025-12-16 07:56:13,12,10,34,25,0,37.6,7,1,0
2025-12-16 08:56:13,12,7,24,17,8,35.7,8,1,0
2025-12-16 09:56:13,17,13,37,25,0,54.0,9,1,0
2025-12-16 10:56:13,23,22,38,25,0,61.7,10,1,0
2025-12-16 11:56:13,31,33,45,25,0,74.5,11,1,0
2025-12-16 12:56:13,23,19,37,25,0,63.1,12,1,0
2025-12-16 13:56:13,13,12,30,25,0,49.0,13,1,0
2025-12-16 14:56:13,23,23,34,25,0,85.4,14,1,0
2025-12-16 15:56:13,18,11,36,25,0,44.7,15,1,0
2025-12-16 16:56:13,17,13,31,25,0,64.0,16,1,0
2025-12-16 17:56:13,26,21,35,25,0,69.2,17,1,0
2025-12-16 18:56:13,25,22,37,25,0,62.5,18,1,0
2025-12-16 19:56:13,34,34,47,25,0,93.9,19,1,0
2025-12-16 20:56:13,24,22,43,25,0,72.4,20,1,0
2025-12-16 21:56:13,14,16,42,25,0,45.9,21,1,0
2025-12-16 22:56:13,15,14,32,25,0,46.7,22,1,0
2025-12-16 23:56:13,11,8,28,24,1,35.9,23,1,0
2025-12-17 00:56:13,11,11,30,25,0,25.7,0,2,0
2025-12-17 01:56:13,2,2,15,10,15,33.7,1,2,0
2025-12-17 02:56:13,5,6,33,25,0,45.4,2,2,0
2025-12-17 03:56:13,2,0,13,12,13,22.7,3,2,0
2025-12-17 04:56:13,6,4,28,25,0,37.6,4,2,0
2025-12-17 05:56:13,5,7,24,16,9,30.5,5,2,0
2025-12-17 06:56:13,9,7,26,21,4,39.0,6,2,0
2025-12-17 07:56:13,8,8,16,13,12,12.3,7,2,0
2025-12-17 08:56:13,15,12,38,25,0,60.6,8,2,0
2025-12-17 09:56:13,17,12,29,25,0,49.6,9,2,0
2025-12-17 10:56:13,21,20,43,25,0,62.2,10,2,0
2025-12-17 11:56:13,29,26,42,25,0,83.9,11,2,0
2025-12-17 12:56:13,29,30,39,25,0,72.7,12,2,0
2025-12-17 13:56:13,22,21,37,25,0,67.1,13,2,0
2025-12-17 14:56:13,20,20,42,25,0,66.9,14,2,0
2025-12-17 15:56:13,23,18,36,25,0,77.7,15,2,0
2025-12-17 16:56:13,19,13,36,25,0,63.5,16,2,0
2025-12-17 17:56:13,22,19,47,25,0,74.9,17,2,0
2025-12-17 18:56:13,22,20,36,25,0,77.7,18,2,0
2025-12-17 19:56:13,21,17,34,25,0,65.1,19,2,0
2025-12-17 20:56:13,18,22,34,25,0,35.3,20,2,0
2025-12-17 21:56:13,16,17,33,25,0,51.2,21,2,0
2025-12-17 22:56:13,13,11,39,25,0,47.4,22,2,0
2025-12-17 23:56:13,7,10,16,13,12,36.8,23,2,0
2025-12-18 00:56:13,10,15,19,12,13,60.3,0,3,0
2025-12-18 01:56:13,4,8,24,21,4,17.6,1,3,0
2025-12-18 02:56:13,8,6,21,15,10,34.1,2,3,0
2025-12-18 03:56:13,4,1,13,8,17,31.4,3,3,0
2025-12-18 04:56:13,3,4,25,24,1,25.2,4,3,0
2025-12-18 05:56:13,6,5,28,24,1,28.8,5,3,0
2025-12-18 06:56:13,7,8,28,23,2,32.4,6,3,0
2025-12-18 07:56:13,15,12,31,25,0,66.9,7,3,0
2025-12-18 08:56:13,12,14,29,22,3,33.1,8,3,0
2025-12-18 09:56:13,21,21,36,25,0,61.8,9,3,0
2025-12-18 10:56:13,21,21,36,25,0,48.7,10,3,0
2025-12-18 11:56:13,21,17,31,24,1,67.0,11,3,0
2025-12-18 12:56:13,17,16,43,25,0,65.5,12,3,0
2025-12-18 13:56:13,11,6,25,20,5,31.9,13,3,0
2025-12-18 14:56:13,21,15,44,25,0,49.5,14,3,0
2025-12-18 15:56:13,20,18,35,25,0,60.9,15,3,0
2025-12-18 16:56:13,24,17,37,25,0,68.7,16,3,0
2025-12-18 17:56:13,24,20,42,25,0,65.3,17,3,0
2025-12-18 18:56:13,25,20,48,25,0,65.9,18,3,0
2025-12-18 19:56:13,27,21,35,25,0,87.2,19,3,0
2025-12-18 20:56:13,20,20,43,25,0,51.2,20,3,0
2025-12-18 21:56:13,24,18,32,25,0,61.8,21,3,0
2025-12-18 22:56:13,17,11,29,25,0,59.6,22,3,0
2025-12-18 23:56:13,10,11,34,25,0,43.7,23,3,0
2025-12-19 00:56:13,7,12,26,21,4,36.1,0,4,0
2025-12-19 01:56:13,8,6,23,20,5,34.9,1,4,0
2025-12-19 02:56:13,4,0,26,18,7,34.3,2,4,0
2025-12-19 03:56:13,7,0,21,20,5,25.0,3,4,0
2025-12-19 04:56:13,1,0,23,16,9,13.3,4,4,0
2025-12-19 05:56:13,4,4,25,19,6,23.5,5,4,0
2025-12-19 06:56:13,7,4,16,16,9,41.8,6,4,0
2025-12-19 07:56:13,9,11,24,21,4,27.4,7,4,0
2025-12-19 08:56:13,12,6,25,22,3,37.8,8,4,0
2025-12-19 09:56:13,18,13,28,21,4,77.1,9,4,0
2025-12-19 10:56:13,16,13,30,25,0,61.5,10,4,0
2025-12-19 11:56:13,26,23,40,25,0,49.5,11,4,0
2025-12-19 12:56:13,22,18,36,25,0,58.4,12,4,0
2025-12-19 13:56:13,15,15,38,25,0,52.5,13,4,0
2025-12-19 14:56:13,14,11,28,23,2,37.4,14,4,0
2025-12-19 15:56:13,22,20,23,19,6,81.3,15,4,0
2025-12-19 16:56:13,19,15,36,25,0,50.0,16,4,0
2025-12-19 17:56:13,24,23,40,25,0,56.2,17,4,0
2025-12-19 18:56:13,24,16,27,24,1,77.9,18,4,0
2025-12-19 19:56:13,34,29,46,25,0,98.2,19,4,0
2025-12-19 20:56:13,21,17,43,25,0,62.9,20,4,0
2025-12-19 21:56:13,14,11,29,20,5,40.6,21,4,0
2025-12-19 22:56:13,9,12,30,25,0,45.9,22,4,0
2025-12-19 23:56:13,11,14,28,21,4,49.4,23,4,0
2025-12-20 00:56:13,11,12,21,15,10,51.7,0,5,1
2025-12-20 01:56:13,4,0,20,17,8,10.7,1,5,1
2025-12-20 02:56:13,5,2,23,14,11,17.9,2,5,1
2025-12-20 03:56:13,1,0,17,15,10,23.2,3,5,1
2025-12-20 04:56:13,6,7,26,22,3,23.5,4,5,1
2025-12-20 05:56:13,4,2,27,19,6,17.2,5,5,1
2025-12-20 06:56:13,6,0,22,18,7,34.4,6,5,1
2025-12-20 07:56:13,9,12,34,25,0,39.6,7,5,1
2025-12-20 08:56:13,16,12,28,22,3,44.0,8,5,1
2025-12-20 09:56:13,20,19,41,25,0,43.9,9,5,1
2025-12-20 10:56:13,20,20,41,25,0,69.7,10,5,1
2025-12-20 11:56:13,26,17,35,25,0,86.4,11,5,1
2025-12-20 12:56:13,36,32,38,25,0,87.6,12,5,1
2025-12-20 13:56:13,21,15,27,25,0,52.0,13,5,1
2025-12-20 14:56:13,21,17,36,25,0,72.8,14,5,1
2025-12-20 15:56:13,21,19,40,25,0,75.7,15,5,1
2025-12-20 16:56:13,27,22,46,25,0,63.7,16,5,1
2025-12-20 17:56:13,23,18,40,25,0,57.6,17,5,1
2025-12-20 18:56:13,27,21,38,25,0,79.3,18,5,1
2025-12-20 19:56:13,31,29,49,25,0,77.0,19,5,1
2025-12-20 20:56:13,19,16,37,25,0,72.9,20,5,1
2025-12-20 21:56:13,23,23,43,25,0,70.4,21,5,1
2025-12-20 22:56:13,12,9,26,24,1,36.4,22,5,1
2025-12-20 23:56:13,11,5,25,19,6,45.3,23,5,1
2025-12-21 00:56:13,12,4,36,25,0,66.0,0,6,1
2025-12-21 01:56:13,9,8,27,19,6,34.6,1,6,1
2025-12-21 02:56:13,8,8,28,22,3,50.2,2,6,1
2025-12-21 03:56:13,6,3,28,25,0,10.4,3,6,1
2025-12-21 04:56:13,5,5,23,22,3,45.4,4,6,1
2025-12-21 05:56:13,6,7,23,20,5,40.2,5,6,1
2025-12-21 06:56:13,12,10,34,25,0,35.8,6,6,1
2025-12-21 07:56:13,12,10,30,25,0,51.5,7,6,1
2025-12-21 08:56:13,19,17,32,25,0,40.8,8,6,1
2025-12-21 09:56:13,16,18,39,25,0,31.0,9,6,1
2025-12-21 10:56:13,25,24,43,25,0,64.8,10,6,1
2025-12-21 11:56:13,23,19,43,25,0,68.9,11,6,1
2025-12-21 12:56:13,28,25,37,25,0,84.2,12,6,1
2025-12-21 13:56:13,23,19,33,25,0,49.2,13,6,1
2025-12-21 14:56:13,29,23,46,25,0,76.8,14,6,1
2025-12-21 15:56:13,15,14,31,24,1,57.8,15,6,1
2025-12-21 16:56:13,13,8,24,22,3,37.9,16,6,1
2025-12-21 17:56:13,22,24,40,25,0,53.7,17,6,1
2025-12-21 18:56:13,23,24,44,25,0,73.6,18,6,1
2025-12-21 19:56:13,22,28,34,25,0,59.1,19,6,1
2025-12-21 20:56:13,25,20,41,25,0,69.1,20,6,1
2025-12-21 21:56:13,15,16,24,23,2,33.9,21,6,1
2025-12-21 22:56:13,16,8,31,25,0,48.7,22,6,1
2025-12-21 23:56:13,15,9,31,25,0,44.4,23,6,1
2025-12-22 00:56:13,6,7,28,25,0,35.4,0,0,0
2025-12-22 01:56:13,3,4,21,16,9,19.1,1,0,0
2025-12-22 02:56:13,4,2,24,21,4,35.6,2,0,0
2025-12-22 03:56:13,2,5,23,16,9,30.1,3,0,0
2025-12-22 04:56:13,1,3,19,18,7,20.1,4,0,0
2025-12-22 05:56:13,6,4,25,20,5,26.5,5,0,0
2025-12-22 06:56:13,12,17,36,25,0,43.6,6,0,0
2025-12-22 07:56:13,12,9,25,22,3,38.4,7,0,0
2025-12-22 08:56:13,12,12,27,25,0,60.0,8,0,0
2025-12-22 09:56:13,14,14,31,25,0,38.1,9,0,0
2025-12-22 10:56:13,18,21,29,23,2,55.3,10,0,0
2025-12-22 11:56:13,16,13,33,25,0,54.2,11,0,0
2025-12-22 12:56:13,30,29,50,25,0,96.4,12,0,0
2025-12-22 13:56:13,24,27,40,25,0,84.5,13,0,0
2025-12-22 14:56:13,29,30,49,25,0,79.0,14,0,0
2025-12-22 15:56:13,26,23,39,25,0,70.9,15,0,0
2025-12-22 16:56:13,25,25,36,25,0,91.2,16,0,0
2025-12-22 17:56:13,23,20,29,22,3,34.6,17,0,0
2025-12-22 18:56:13,25,27,31,25,0,65.9,18,0,0
2025-12-22 19:56:13,26,19,39,25,0,56.5,19,0,0
2025-12-22 20:56:13,24,24,38,25,0,53.6,20,0,0
2025-12-22 21:56:13,21,19,33,25,0,49.1,21,0,0
2025-12-22 22:56:13,12,12,27,21,4,38.6,22,0,0
2025-12-22 23:56:13,5,7,24,20,5,15.0,23,0,0
2025-12-23 00:56:13,6,7,33,25,0,26.0,0,1,0
2025-12-23 01:56:13,8,7,23,21,4,21.4,1,1,0
2025-12-23 02:56:13,4,3,26,21,4,28.3,2,1,0
2025-12-23 03:56:13,4,1,25,21,4,5.0,3,1,0
2025-12-23 04:56:13,5,5,23,21,4,41.1,4,1,0
2025-12-23 05:56:13,6,2,23,17,8,34.4,5,1,0
2025-12-23 06:56:13,2,1,27,20,5,28.2,6,1,0
2025-12-23 07:56:13,14,13,35,25,0,46.2,7,1,0
2025-12-23 08:56:13,20,17,37,25,0,44.7,8,1,0
2025-12-23 09:56:13,21,16,28,24,1,55.7,9,1,0
2025-12-23 10:56:13,21,23,42,25,0,68.3,10,1,0
2025-12-23 11:56:13,16,9,35,25,0,47.0,11,1,0
2025-12-23 12:56:13,21,16,37,25,0,66.4,12,1,0
2025-12-23 13:56:13,29,35,47,25,0,60.3,13,1,0
2025-12-23 14:56:13,22,23,33,25,0,58.6,14,1,0
2025-12-23 15:56:13,13,16,28,25,0,62.0,15,1,0
2025-12-23 16:56:13,19,17,18,15,10,58.0,16,1,0
2025-12-23 17:56:13,18,19,37,25,0,62.8,17,1,0
2025-12-23 18:56:13,21,21,36,25,0,63.1,18,1,0
2025-12-23 19:56:13,26,27,51,25,0,33.6,19,1,0
2025-12-23 20:56:13,17,10,31,25,0,60.1,20,1,0
2025-12-23 21:56:13,19,14,38,25,0,50.1,21,1,0
2025-12-23 22:56:13,21,12,34,25,0,76.9,22,1,0
2025-12-23 23:56:13,7,7,17,16,9,39.4,23,1,0
2025-12-24 00:56:13,5,6,21,22,3,27.5,0,2,0
2025-12-24 01:56:13,9,8,35,25,0,40.1,1,2,0
2025-12-24 02:56:13,8,7,29,25,0,40.6,2,2,0
2025-12-24 03:56:13,4,4,23,22,3,39.2,3,2,0
2025-12-24 04:56:13,4,1,23,18,7,15.1,4,2,0
2025-12-24 05:56:13,3,0,23,20,5,14.7,5,2,0
2025-12-24 06:56:13,2,4,15,13,12,48.6,6,2,0
2025-12-24 07:56:13,8,11,22,20,5,32.8,7,2,0
2025-12-24 08:56:13,13,8,25,23,2,47.5,8,2,0
2025-12-24 09:56:13,16,20,32,25,0,60.0,9,2,0
2025-12-24 10:56:13,25,25,49,25,0,68.1,10,2,0
2025-12-24 11:56:13,23,23,34,25,0,74.3,11,2,0
2025-12-24 12:56:13,34,29,40,25,0,81.6,12,2,0
2025-12-24 13:56:13,23,23,39,25,0,74.6,13,2,0
2025-12-24 14:56:13,28,21,38,25,0,55.9,14,2,0
2025-12-24 15:56:13,21,18,37,25,0,60.4,15,2,0
2025-12-24 16:56:13,26,24,41,25,0,82.3,16,2,0
2025-12-24 17:56:13,20,17,36,25,0,60.9,17,2,0
2025-12-24 18:56:13,25,23,30,25,0,66.2,18,2,0
2025-12-24 19:56:13,28,27,34,25,0,80.3,19,2,0
2025-12-24 20:56:13,23,18,38,25,0,60.4,20,2,0
2025-12-24 21:56:13,17,16,37,25,0,59.7,21,2,0
2025-12-24 22:56:13,14,5,29,22,3,50.5,22,2,0
2025-12-24 23:56:13,6,6,17,12,13,40.1,23,2,0
2025-12-25 00:56:13,12,5,33,25,0,48.9,0,3,0
2025-12-25 01:56:13,11,12,18,17,8,40.9,1,3,0
2025-12-25 02:56:13,4,4,22,20,5,17.4,2,3,0
2025-12-25 03:56:13,0,0,24,18,7,13.6,3,3,0
2025-12-25 04:56:13,1,2,23,20,5,10.0,4,3,0
2025-12-25 05:56:13,6,7,20,16,9,25.6,5,3,0
2025-12-25 06:56:13,9,5,26,19,6,39.9,6,3,0
2025-12-25 07:56:13,11,11,24,21,4,24.4,7,3,0
2025-12-25 08:56:13,21,21,32,25,0,51.0,8,3,0
2025-12-25 09:56:13,18,9,30,25,0,48.5,9,3,0
2025-12-25 10:56:13,17,19,38,25,0,60.0,10,3,0
2025-12-25 11:56:13,22,18,37,25,0,57.4,11,3,0
2025-12-25 12:56:13,19,17,46,25,0,54.8,12,3,0
2025-12-25 13:56:13,21,15,46,25,0,66.2,13,3,0
2025-12-25 14:56:13,16,12,39,25,0,50.9,14,3,0
2025-12-25 15:56:13,23,23,41,25,0,48.2,15,3,0
2025-12-25 16:56:13,21,17,46,25,0,48.3,16,3,0
2025-12-25 17:56:13,18,17,39,25,0,50.0,17,3,0
2025-12-25 18:56:13,37,33,50,25,0,89.7,18,3,0
2025-12-25 19:56:13,20,21,31,25,0,53.7,19,3,0
2025-12-25 20:56:13,27,21,39,25,0,56.6,20,3,0
2025-12-25 21:56:13,22,15,42,25,0,55.2,21,3,0
2025-12-25 22:56:13,17,20,39,25,0,60.4,22,3,0
2025-12-25 23:56:13,7,12,22,18,7,34.6,23,3,0
2025-12-26 00:56:13,5,4,17,12,13,35.3,0,4,0
2025-12-26 01:56:13,8,5,27,25,0,36.0,1,4,0
2025-12-26 02:56:13,6,6,26,24,1,30.6,2,4,0
2025-12-26 03:56:13,2,1,22,21,4,18.0,3,4,0
2025-12-26 04:56:13,5,6,19,16,9,28.2,4,4,0
2025-12-26 05:56:13,4,6,22,18,7,23.6,5,4,0
2025-12-26 06:56:13,4,4,23,15,10,41.5,6,4,0
2025-12-26 07:56:13,11,9,25,16,9,53.5,7,4,0
2025-12-26 08:56:13,11,9,23,20,5,66.6,8,4,0
2025-12-26 09:56:13,15,12,23,21,4,55.5,9,4,0
2025-12-26 10:56:13,21,23,30,24,1,58.4,10,4,0
2025-12-26 11:56:13,19,20,35,25,0,45.3,11,4,0
2025-12-26 12:56:13,20,20,33,25,0,52.8,12,4,0
2025-12-26 13:56:13,28,27,44,25,0,71.6,13,4,0
2025-12-26 14:56:13,21,18,40,25,0,59.4,14,4,0
2025-12-26 15:56:13,21,21,34,25,0,74.0,15,4,0
2025-12-26 16:56:13,20,19,34,25,0,77.8,16,4,0
2025-12-26 17:56:13,24,25,32,25,0,79.5,17,4,0
2025-12-26 18:56:13,27,23,47,25,0,80.2,18,4,0
2025-12-26 19:56:13,27,21,47,25,0,76.6,19,4,0
2025-12-26 20:56:13,19,19,35,25,0,61.6,20,4,0
2025-12-26 21:56:13,16,13,33,25,0,57.5,21,4,0
2025-12-26 22:56:13,21,15,37,25,0,32.8,22,4,0
2025-12-26 23:56:13,11,11,35,25,0,50.5,23,4,0
2025-12-27 00:56:13,12,12,23,18,7,55.1,0,5,1
2025-12-27 01:56:13,8,7,26,17,8,18.8,1,5,1
2025-12-27 02:56:13,4,2,15,11,14,30.1,2,5,1
2025-12-27 03:56:13,7,5,35,25,0,33.0,3,5,1
2025-12-27 04:56:13,8,6,33,25,0,37.6,4,5,1
2025-12-27 05:56:13,5,5,33,24,1,46.3,5,5,1
2025-12-27 06:56:13,5,0,27,23,2,18.8,6,5,1
2025-12-27 07:56:13,9,5,30,25,0,33.1,7,5,1
2025-12-27 08:56:13,21,17,34,25,0,71.0,8,5,1
2025-12-27 09:56:13,25,21,32,25,0,81.9,9,5,1
2025-12-27 10:56:13,19,15,29,25,0,67.4,10,5,1
2025-12-27 11:56:13,31,23,41,25,0,81.3,11,5,1
2025-12-27 12:56:13,17,15,34,25,0,57.6,12,5,1
2025-12-27 13:56:13,25,25,40,25,0,87.6,13,5,1
2025-12-27 14:56:13,25,21,46,25,0,66.0,14,5,1
2025-12-27 15:56:13,24,15,42,25,0,66.6,15,5,1
2025-12-27 16:56:13,33,30,53,25,0,89.7,16,5,1
2025-12-27 17:56:13,21,22,31,25,0,71.7,17,5,1
2025-12-27 18:56:13,23,20,34,25,0,58.8,18,5,1
2025-12-27 19:56:13,25,20,39,25,0,87.1,19,5,1
2025-12-27 20:56:13,34,31,54,25,0,79.1,20,5,1
2025-12-27 21:56:13,21,22,52,25,0,61.0,21,5,1
2025-12-27 22:56:13,13,10,30,25,0,33.1,22,5,1
2025-12-27 23:56:13,14,16,24,17,8,49.8,23,5,1
2025-12-28 00:56:13,9,6,31,23,2,54.8,0,6,1
2025-12-28 01:56:13,6,3,19,16,9,27.8,1,6,1
2025-12-28 02:56:13,7,7,24,20,5,32.5,2,6,1
2025-12-28 03:56:13,6,2,24,19,6,35.8,3,6,1
2025-12-28 04:56:13,3,5,24,18,7,5.0,4,6,1
2025-12-28 05:56:13,10,8,27,23,2,30.1,5,6,1
2025-12-28 06:56:13,6,4,15,14,11,34.8,6,6,1
2025-12-28 07:56:13,10,11,26,19,6,36.7,7,6,1
2025-12-28 08:56:13,10,10,26,24,1,52.9,8,6,1
2025-12-28 09:56:13,14,14,31,25,0,62.3,9,6,1
2025-12-28 10:56:13,23,25,31,25,0,60.4,10,6,1
2025-12-28 11:56:13,22,18,41,25,0,80.3,11,6,1
2025-12-28 12:56:13,25,26,38,25,0,75.9,12,6,1
2025-12-28 13:56:13,27,24,38,25,0,72.7,13,6,1
2025-12-28 14:56:13,18,13,40,25,0,64.4,14,6,1
2025-12-28 15:56:13,25,22,34,25,0,80.2,15,6,1
2025-12-28 16:56:13,22,27,31,25,0,66.0,16,6,1
2025-12-28 17:56:13,24,18,35,25,0,66.2,17,6,1
2025-12-28 18:56:13,25,22,49,25,0,82.7,18,6,1
2025-12-28 19:56:13,24,21,32,25,0,69.7,19,6,1
2025-12-28 20:56:13,24,24,29,25,0,61.1,20,6,1
2025-12-28 21:56:13,20,17,32,21,4,57.2,21,6,1
2025-12-28 22:56:13,20,17,34,25,0,61.7,22,6,1
2025-12-28 23:56:13,6,6,27,22,3,28.4,23,6,1
2025-12-29 00:56:13,5,2,18,16,9,47.5,0,0,0
2025-12-29 01:56:13,8,2,24,18,7,25.3,1,0,0
2025-12-29 02:56:13,8,9,18,13,12,39.4,2,0,0
2025-12-29 03:56:13,5,5,22,18,7,40.7,3,0,0
2025-12-29 04:56:13,4,4,26,22,3,43.3,4,0,0
2025-12-29 05:56:13,5,7,29,24,1,30.1,5,0,0
2025-12-29 06:56:13,10,13,32,25,0,49.6,6,0,0
2025-12-29 07:56:13,13,10,29,25,0,51.7,7,0,0
2025-12-29 08:56:13,13,14,25,21,4,37.8,8,0,0
2025-12-29 09:56:13,17,12,38,25,0,58.1,9,0,0
2025-12-29 10:56:13,30,26,43,25,0,84.4,10,0,0
2025-12-29 11:56:13,27,30,36,25,0,71.0,11,0,0
2025-12-29 12:56:13,30,31,47,25,0,80.7,12,0,0
2025-12-29 13:56:13,16,17,27,25,0,47.2,13,0,0
2025-12-29 14:56:13,25,20,44,25,0,62.7,14,0,0
2025-12-29 15:56:13,33,26,43,25,0,87.6,15,0,0
2025-12-29 16:56:13,18,15,23,19,6,63.2,16,0,0
2025-12-29 17:56:13,31,23,43,25,0,96.6,17,0,0
2025-12-29 18:56:13,27,28,42,25,0,71.4,18,0,0
2025-12-29 19:56:13,27,24,40,25,0,71.7,19,0,0
2025-12-29 20:56:13,27,24,37,25,0,79.4,20,0,0
2025-12-29 21:56:13,15,7,35,25,0,59.7,21,0,0
2025-12-29 22:56:13,18,13,32,25,0,49.0,22,0,0
2025-12-29 23:56:13,11,5,26,21,4,42.2,23,0,0
2025-12-30 00:56:13,7,7,32,25,0,32.6,0,1,0
2025-12-30 01:56:13,5,3,19,16,9,20.6,1,1,0
2025-12-30 02:56:13,8,5,24,17,8,38.2,2,1,0
2025-12-30 03:56:13,2,7,21,20,5,41.6,3,1,0
2025-12-30 04:56:13,3,0,23,18,7,19.4,4,1,0
2025-12-30 05:56:13,7,3,16,12,13,34.9,5,1,0
2025-12-30 06:56:13,10,6,20,17,8,59.5,6,1,0
2025-12-30 07:56:13,7,3,21,16,9,35.3,7,1,0
2025-12-30 08:56:13,12,11,34,25,0,52.3,8,1,0
2025-12-30 09:56:13,24,21,48,25,0,78.8,9,1,0
2025-12-30 10:56:13,18,12,32,25,0,51.4,10,1,0
2025-12-30 11:56:13,27,19,39,25,0,75.0,11,1,0
2025-12-30 12:56:13,24,23,35,25,0,70.3,12,1,0
2025-12-30 13:56:13,21,18,33,25,0,67.1,13,1,0
2025-12-30 14:56:13,16,14,39,25,0,52.3,14,1,0
2025-12-30 15:56:13,20,17,42,25,0,60.3,15,1,0
2025-12-30 16:56:13,27,25,44,25,0,77.2,16,1,0
2025-12-30 17:56:13,24,23,28,24,1,74.6,17,1,0
2025-12-30 18:56:13,33,33,44,25,0,100.2,18,1,0
2025-12-30 19:56:13,21,20,35,25,0,71.8,19,1,0
2025-12-30 20:56:13,22,16,34,25,0,55.9,20,1,0
2025-12-30 21:56:13,19,13,33,25,0,58.0,21,1,0
2025-12-30 22:56:13,12,16,25,21,4,36.0,22,1,0
2025-12-30 23:56:13,12,10,29,25,0,41.8,23,1,0
2025-12-31 00:56:13,12,7,29,23,2,51.8,0,2,0
2025-12-31 01:56:13,4,0,21,20,5,27.7,1,2,0
2025-12-31 02:56:13,2,0,19,18,7,27.7,2,2,0
2025-12-31 03:56:13,3,5,26,23,2,30.6,3,2,0
2025-12-31 04:56:13,7,4,30,25,0,31.3,4,2,0
2025-12-31 05:56:13,4,3,23,19,6,36.3,5,2,0
2025-12-31 06:56:13,3,0,17,14,11,40.3,6,2,0
2025-12-31 07:56:13,8,8,24,21,4,34.3,7,2,0
2025-12-31 08:56:13,16,14,36,25,0,59.8,8,2,0
2025-12-31 09:56:13,17,16,35,25,0,53.0,9,2,0
2025-12-31 10:56:13,18,15,41,25,0,49.2,10,2,0
2025-12-31 11:56:13,28,25,33,25,0,54.7,11,2,0
2025-12-31 12:56:13,27,22,42,25,0,79.8,12,2,0
2025-12-31 13:56:13,23,24,30,25,0,64.4,13,2,0
2025-12-31 14:56:13,24,22,40,25,0,63.7,14,2,0
2025-12-31 15:56:13,17,20,39,25,0,54.7,15,2,0
2025-12-31 16:56:13,26,26,41,25,0,90.5,16,2,0
2025-12-31 17:56:13,32,25,43,25,0,60.1,17,2,0
2025-12-31 18:56:13,23,24,39,25,0,84.5,18,2,0
2025-12-31 19:56:13,13,17,29,23,2,56.3,19,2,0
2025-12-31 20:56:13,24,22,34,25,0,56.1,20,2,0
2025-12-31 21:56:13,21,17,29,23,2,70.2,21,2,0
2025-12-31 22:56:13,17,13,27,22,3,57.3,22,2,0
2025-12-31 23:56:13,8,9,33,25,0,42.7,23,2,0
2026-01-01 00:56:13,12,11,35,25,0,35.5,0,3,0
2026-01-01 01:56:13,7,6,23,16,9,22.7,1,3,0
2026-01-01 02:56:13,3,0,21,16,9,22.3,2,3,0
2026-01-01 03:56:13,4,5,25,22,3,7.4,3,3,0
2026-01-01 04:56:13,2,9,20,17,8,20.5,4,3,0
2026-01-01 05:56:13,4,8,24,19,6,36.6,5,3,0
2026-01-01 06:56:13,9,6,32,24,1,48.3,6,3,0
2026-01-01 07:56:13,6,3,25,23,2,19.7,7,3,0
2026-01-01 08:56:13,15,13,27,25,0,70.0,8,3,0
2026-01-01 09:56:13,11,14,28,20,5,41.2,9,3,0
2026-01-01 10:56:13,20,18,27,23,2,62.6,10,3,0
2026-01-01 11:56:13,17,15,36,25,0,57.1,11,3,0
2026-01-01 12:56:13,16,18,38,25,0,53.9,12,3,0
2026-01-01 13:56:13,26,23,43,25,0,85.0,13,3,0
2026-01-01 14:56:13,25,21,37,25,0,68.9,14,3,0
2026-01-01 15:56:13,21,14,37,25,0,51.7,15,3,0
2026-01-01 16:56:13,24,21,34,25,0,70.8,16,3,0
2026-01-01 17:56:13,18,19,39,25,0,48.2,17,3,0
2026-01-01 18:56:13,16,15,23,16,9,51.8,18,3,0
2026-01-01 19:56:13,24,23,38,25,0,69.2,19,3,0
2026-01-01 20:56:13,20,18,34,25,0,65.9,20,3,0
2026-01-01 21:56:13,13,8,38,25,0,32.6,21,3,0
2026-01-01 22:56:13,16,14,26,21,4,56.5,22,3,0
2026-01-01 23:56:13,6,6,27,21,4,28.8,23,3,0
2026-01-02 00:56:13,9,11,24,21,4,25.2,0,4,0
2026-01-02 01:56:13,6,7,27,20,5,27.6,1,4,0
2026-01-02 02:56:13,5,0,31,25,0,41.8,2,4,0
2026-01-02 03:56:13,2,0,19,18,7,31.7,3,4,0
2026-01-02 04:56:13,2,7,24,19,6,26.3,4,4,0
2026-01-02 05:56:13,6,5,23,22,3,36.0,5,4,0
2026-01-02 06:56:13,9,9,19,14,11,46.2,6,4,0
2026-01-02 07:56:13,6,9,25,19,6,26.1,7,4,0
2026-01-02 08:56:13,9,5,31,25,0,61.1,8,4,0
2026-01-02 09:56:13,15,12,32,25,0,29.3,9,4,0
2026-01-02 10:56:13,17,15,35,25,0,52.7,10,4,0
2026-01-02 11:56:13,17,18,34,25,0,43.1,11,4,0
2026-01-02 12:56:13,29,21,39,25,0,76.2,12,4,0
2026-01-02 13:56:13,21,16,39,25,0,51.8,13,4,0
2026-01-02 14:56:13,17,18,44,25,0,64.2,14,4,0
2026-01-02 15:56:13,17,11,28,25,0,48.5,15,4,0
2026-01-02 16:56:13,18,18,35,25,0,47.7,16,4,0
2026-01-02 17:56:13,21,20,40,25,0,56.3,17,4,0
2026-01-02 18:56:13,22,21,40,25,0,70.1,18,4,0
2026-01-02 19:56:13,29,26,45,25,0,79.2,19,4,0
2026-01-02 20:56:13,16,14,31,25,0,55.2,20,4,0
2026-01-02 21:56:13,17,14,28,25,0,54.5,21,4,0
2026-01-02 22:56:13,15,12,34,25,0,48.6,22,4,0
2026-01-02 23:56:13,6,4,31,25,0,28.4,23,4,0
2026-01-03 00:56:13,6,8,30,25,0,31.6,0,5,1
2026-01-03 01:56:13,10,7,31,25,0,53.2,1,5,1
2026-01-03 02:56:13,3,1,13,13,12,26.5,2,5,1
2026-01-03 03:56:13,6,6,20,15,10,38.3,3,5,1
2026-01-03 04:56:13,3,4,31,22,3,8.9,4,5,1
2026-01-03 05:56:13,9,8,29,24,1,31.5,5,5,1
2026-01-03 06:56:13,8,8,29,24,1,51.9,6,5,1
2026-01-03 07:56:13,11,12,29,23,2,32.9,7,5,1
2026-01-03 08:56:13,14,7,39,25,0,37.9,8,5,1
2026-01-03 09:56:13,15,12,34,25,0,38.1,9,5,1
2026-01-03 10:56:13,21,19,31,24,1,76.3,10,5,1
2026-01-03 11:56:13,23,18,44,25,0,46.0,11,5,1
2026-01-03 12:56:13,31,28,41,25,0,76.0,12,5,1
2026-01-03 13:56:13,22,22,42,25,0,55.5,13,5,1
2026-01-03 14:56:13,26,23,34,25,0,80.2,14,5,1
2026-01-03 15:56:13,24,23,35,25,0,83.4,15,5,1
2026-01-03 16:56:13,23,19,42,25,0,68.5,16,5,1
2026-01-03 17:56:13,35,34,39,25,0,98.2,17,5,1
2026-01-03 18:56:13,21,17,39,25,0,42.2,18,5,1
2026-01-03 19:56:13,20,17,39,25,0,61.2,19,5,1
2026-01-03 20:56:13,27,24,37,25,0,78.5,20,5,1
2026-01-03 21:56:13,21,20,33,25,0,51.0,21,5,1
2026-01-03 22:56:13,12,11,31,23,2,45.4,22,5,1
2026-01-03 23:56:13,13,13,23,19,6,43.2,23,5,1
2026-01-04 00:56:13,4,2,22,18,7,29.6,0,6,1
2026-01-04 01:56:13,7,8,32,25,0,55.5,1,6,1
2026-01-04 02:56:13,6,10,12,8,17,30.9,2,6,1
2026-01-04 03:56:13,4,0,23,20,5,14.2,3,6,1
2026-01-04 04:56:13,8,7,23,19,6,33.2,4,6,1
2026-01-04 05:56:13,7,0,24,20,5,38.7,5,6,1
2026-01-04 06:56:13,7,4,21,17,8,23.5,6,6,1
2026-01-04 07:56:13,10,11,33,25,0,38.2,7,6,1
2026-01-04 08:56:13,11,9,29,25,0,30.3,8,6,1
2026-01-04 09:56:13,19,12,35,25,0,53.4,9,6,1
2026-01-04 10:56:13,31,31,39,25,0,87.0,10,6,1
2026-01-04 11:56:13,26,24,42,25,0,47.2,11,6,1
2026-01-04 12:56:13,26,26,35,25,0,89.7,12,6,1
2026-01-04 13:56:13,27,25,38,25,0,73.2,13,6,1
2026-01-04 14:56:13,25,24,32,25,0,77.4,14,6,1
2026-01-04 15:56:13,23,27,32,25,0,68.3,15,6,1
2026-01-04 16:56:13,21,20,42,25,0,58.7,16,6,1
2026-01-04 17:56:13,32,29,52,25,0,86.9,17,6,1
2026-01-04 18:56:13,34,28,54,25,0,88.1,18,6,1
2026-01-04 19:56:13,33,26,49,25,0,66.9,19,6,1
2026-01-04 20:56:13,23,20,44,25,0,79.2,20,6,1
2026-01-04 21:56:13,20,18,42,25,0,53.4,21,6,1
2026-01-04 22:56:13,11,6,33,25,0,33.1,22,6,1
2026-01-04 23:56:13,11,12,34,25,0,26.9,23,6,1
2026-01-05 00:56:13,6,9,22,15,10,39.6,0,0,0
2026-01-05 01:56:13,7,6,21,19,6,24.9,1,0,0
2026-01-05 02:56:13,4,6,21,17,8,28.4,2,0,0
2026-01-05 03:56:13,1,2,23,19,6,29.6,3,0,0
2026-01-05 04:56:13,1,0,20,18,7,18.3,4,0,0
2026-01-05 05:56:13,8,13,26,22,3,41.4,5,0,0
2026-01-05 06:56:13,1,0,18,14,11,13.5,6,0,0
2026-01-05 07:56:13,9,5,29,25,0,58.5,7,0,0
2026-01-05 08:56:13,18,19,36,25,0,53.4,8,0,0
2026-01-05 09:56:13,20,18,37,25,0,67.9,9,0,0
2026-01-05 10:56:13,23,18,30,25,0,74.7,10,0,0
2026-01-05 11:56:13,21,23,36,25,0,78.2,11,0,0
2026-01-05 12:56:13,24,22,34,25,0,65.5,12,0,0
2026-01-05 13:56:13,24,21,44,25,0,67.6,13,0,0
2026-01-05 14:56:13,16,13,27,24,1,39.4,14,0,0
2026-01-05 15:56:13,18,15,33,25,0,41.7,15,0,0
2026-01-05 16:56:13,18,20,38,25,0,42.9,16,0,0
2026-01-05 17:56:13,18,11,29,24,1,75.8,17,0,0
2026-01-05 18:56:13,25,19,42,25,0,76.0,18,0,0
2026-01-05 19:56:13,12,12,24,20,5,61.6,19,0,0
2026-01-05 20:56:13,17,12,35,25,0,71.7,20,0,0
2026-01-05 21:56:13,15,15,32,25,0,65.1,21,0,0
2026-01-05 22:56:13,17,11,27,21,4,55.2,22,0,0
2026-01-05 23:56:13,11,8,27,21,4,40.7,23,0,0
2026-01-06 00:56:13,10,8,26,18,7,39.4,0,1,0
2026-01-06 01:56:13,8,7,34,25,0,14.4,1,1,0
2026-01-06 02:56:13,1,4,35,25,0,22.2,2,1,0
2026-01-06 03:56:13,6,1,24,19,6,43.1,3,1,0
2026-01-06 04:56:13,7,4,33,25,0,30.8,4,1,0
2026-01-06 05:56:13,3,0,24,20,5,33.7,5,1,0
2026-01-06 06:56:13,8,6,27,20,5,53.6,6,1,0
2026-01-06 07:56:13,9,7,22,17,8,33.5,7,1,0
2026-01-06 08:56:13,12,7,32,25,0,55.8,8,1,0
2026-01-06 09:56:13,21,17,35,25,0,52.3,9,1,0
2026-01-06 10:56:13,23,25,40,25,0,58.8,10,1,0
2026-01-06 11:56:13,20,13,27,21,4,61.9,11,1,0
2026-01-06 12:56:13,16,11,28,25,0,52.4,12,1,0
2026-01-06 13:56:13,18,22,36,25,0,62.6,13,1,0
2026-01-06 14:56:13,21,25,30,25,0,62.0,14,1,0
2026-01-06 15:56:13,13,13,35,25,0,64.3,15,1,0
2026-01-06 16:56:13,19,15,45,25,0,57.9,16,1,0
2026-01-06 17:56:13,20,21,36,25,0,57.6,17,1,0
2026-01-06 18:56:13,22,19,42,25,0,63.2,18,1,0
2026-01-06 19:56:13,27,20,48,25,0,70.9,19,1,0
2026-01-06 20:56:13,22,17,40,25,0,53.6,20,1,0
2026-01-06 21:56:13,16,15,25,19,6,41.1,21,1,0
2026-01-06 22:56:13,14,13,27,25,0,57.1,22,1,0
2026-01-06 23:56:13,13,5,32,25,0,29.7,23,1,0
2026-01-07 00:56:13,5,0,18,13,12,31.9,0,2,0
2026-01-07 01:56:13,2,0,19,11,14,15.6,1,2,0
2026-01-07 02:56:13,5,6,23,21,4,33.4,2,2,0
2026-01-07 03:56:13,8,8,22,18,7,34.4,3,2,0
2026-01-07 04:56:13,7,8,27,23,2,26.1,4,2,0
2026-01-07 05:56:13,8,5,32,25,0,49.0,5,2,0
2026-01-07 06:56:13,8,12,24,16,9,29.1,6,2,0
2026-01-07 07:56:13,14,13,31,25,0,48.2,7,2,0
2026-01-07 08:56:13,16,12,38,25,0,46.8,8,2,0
2026-01-07 09:56:13,17,13,36,25,0,51.6,9,2,0
2026-01-07 10:56:13,25,24,35,25,0,70.9,10,2,0
2026-01-07 11:56:13,29,33,42,25,0,61.9,11,2,0
2026-01-07 12:56:13,32,27,42,25,0,78.7,12,2,0
2026-01-07 13:56:13,28,19,43,25,0,79.8,13,2,0
2026-01-07 14:56:13,20,13,34,25,0,53.1,14,2,0
2026-01-07 15:56:13,17,20,32,25,0,62.1,15,2,0
2026-01-07 16:56:13,22,20,36,25,0,77.6,16,2,0
2026-01-07 17:56:13,19,17,28,22,3,55.0,17,2,0
2026-01-07 18:56:13,25,26,45,25,0,48.8,18,2,0
2026-01-07 19:56:13,23,20,41,25,0,65.3,19,2,0
2026-01-07 20:56:13,22,19,34,25,0,69.1,20,2,0
2026-01-07 21:56:13,20,20,34,25,0,52.3,21,2,0
2026-01-07 22:56:13,10,8,24,18,7,47.8,22,2,0
2026-01-07 23:56:13,14,8,37,25,0,46.7,23,2,0
2026-01-08 00:56:13,5,6,31,22,3,26.7,0,3,0
2026-01-08 01:56:13,4,6,13,10,15,31.3,1,3,0
2026-01-08 02:56:13,3,0,21,17,8,30.1,2,3,0
2026-01-08 03:56:13,8,9,36,25,0,51.0,3,3,0
2026-01-08 04:56:13,5,5,34,25,0,29.3,4,3,0
2026-01-08 05:56:13,2,4,17,16,9,39.8,5,3,0
2026-01-08 06:56:13,7,7,24,19,6,34.5,6,3,0
2026-01-08 07:56:13,9,11,17,13,12,38.4,7,3,0
2026-01-08 08:56:13,17,13,35,25,0,63.3,8,3,0
2026-01-08 09:56:13,18,16,31,25,0,48.9,9,3,0
2026-01-08 10:56:13,32,29,43,25,0,85.0,10,3,0
2026-01-08 11:56:13,28,26,37,25,0,60.3,11,3,0
2026-01-08 12:56:13,22,18,35,25,0,58.5,12,3,0
2026-01-08 13:56:13,23,19,35,25,0,82.5,13,3,0
2026-01-08 14:56:13,17,11,30,24,1,41.2,14,3,0
2026-01-08 15:56:13,23,24,36,25,0,78.7,15,3,0
2026-01-08 16:56:13,14,11,26,23,2,46.0,16,3,0
2026-01-08 17:56:13,19,15,36,25,0,67.9,17,3,0
2026-01-08 18:56:13,20,22,35,25,0,59.5,18,3,0
2026-01-08 19:56:13,16,15,29,25,0,65.0,19,3,0
2026-01-08 20:56:13,21,16,40,25,0,48.6,20,3,0
2026-01-08 21:56:13,15,16,29,25,0,58.7,21,3,0
2026-01-08 22:56:13,11,11,35,25,0,42.8,22,3,0
2026-01-08 23:56:13,15,14,31,25,0,46.6,23,3,0
2026-01-09 00:56:13,5,6,19,15,10,14.9,0,4,0
2026-01-09 01:56:13,4,0,30,22,3,27.4,1,4,0
2026-01-09 02:56:13,1,0,8,5,20,26.1,2,4,0
2026-01-09 03:56:13,7,2,16,13,12,31.4,3,4,0
2026-01-09 04:56:13,4,2,24,18,7,34.9,4,4,0
2026-01-09 05:56:13,4,5,17,12,13,31.4,5,4,0
2026-01-09 06:56:13,10,9,17,14,11,43.5,6,4,0
2026-01-09 07:56:13,10,8,24,20,5,42.9,7,4,0
2026-01-09 08:56:13,16,15,35,25,0,58.1,8,4,0
2026-01-09 09:56:13,19,15,30,25,0,65.5,9,4,0
2026-01-09 10:56:13,24,23,27,23,2,63.9,10,4,0
2026-01-09 11:56:13,30,26,48,25,0,96.7,11,4,0
2026-01-09 12:56:13,32,29,42,25,0,70.9,12,4,0
2026-01-09 13:56:13,10,8,29,25,0,47.9,13,4,0
2026-01-09 14:56:13,23,20,43,25,0,76.8,14,4,0
2026-01-09 15:56:13,15,13,31,25,0,52.1,15,4,0
2026-01-09 16:56:13,13,9,35,25,0,44.3,16,4,0
2026-01-09 17:56:13,25,25,42,25,0,77.6,17,4,0
2026-01-09 18:56:13,29,26,44,25,0,81.7,18,4,0
2026-01-09 19:56:13,29,23,34,25,0,69.2,19,4,0
2026-01-09 20:56:13,34,27,48,25,0,82.9,20,4,0
2026-01-09 21:56:13,23,18,38,25,0,80.6,21,4,0
2026-01-09 22:56:13,7,1,24,24,1,48.4,22,4,0
2026-01-09 23:56:13,7,8,21,16,9,28.3,23,4,0
2026-01-10 00:56:13,6,5,23,17,8,32.3,0,5,1
2026-01-10 01:56:13,6,2,21,18,7,26.5,1,5,1
2026-01-10 02:56:13,3,7,16,16,9,34.9,2,5,1
2026-01-10 03:56:13,8,5,34,25,0,46.4,3,5,1
2026-01-10 04:56:13,3,0,28,25,0,22.5,4,5,1
2026-01-10 05:56:13,5,4,32,25,0,35.9,5,5,1
2026-01-10 06:56:13,14,16,23,20,5,51.6,6,5,1
2026-01-10 07:56:13,7,5,20,14,11,28.6,7,5,1
2026-01-10 08:56:13,17,17,26,24,1,65.9,8,5,1
2026-01-10 09:56:13,22,18,31,25,0,63.3,9,5,1
2026-01-10 10:56:13,23,20,33,25,0,62.0,10,5,1
2026-01-10 11:56:13,29,33,49,25,0,58.6,11,5,1
2026-01-10 12:56:13,25,22,33,25,0,68.9,12,5,1
2026-01-10 13:56:13,26,24,34,25,0,78.6,13,5,1
2026-01-10 14:56:13,30,25,42,25,0,46.2,14,5,1
2026-01-10 15:56:13,19,18,32,25,0,68.0,15,5,1
2026-01-10 16:56:13,20,16,35,25,0,57.2,16,5,1
2026-01-10 17:56:13,32,28,36,25,0,88.8,17,5,1
2026-01-10 18:56:13,24,21,35,25,0,81.7,18,5,1
2026-01-10 19:56:13,18,21,36,25,0,60.9,19,5,1
2026-01-10 20:56:13,24,24,42,25,0,73.1,20,5,1
2026-01-10 21:56:13,19,16,38,25,0,48.8,21,5,1
2026-01-10 22:56:13,9,0,26,18,7,46.6,22,5,1
2026-01-10 23:56:13,11,8,27,22,3,45.0,23,5,1
2026-01-11 00:56:13,13,11,36,25,0,48.1,0,6,1
2026-01-11 01:56:13,6,4,24,16,9,19.8,1,6,1
2026-01-11 02:56:13,3,3,29,24,1,35.3,2,6,1
2026-01-11 03:56:13,5,2,25,22,3,38.0,3,6,1
2026-01-11 04:56:13,1,0,24,21,4,22.0,4,6,1
2026-01-11 05:56:13,4,2,33,25,0,24.9,5,6,1
2026-01-11 06:56:13,8,7,26,21,4,38.2,6,6,1
2026-01-11 07:56:13,16,11,25,19,6,44.1,7,6,1
2026-01-11 08:56:13,25,21,30,24,1,66.8,8,6,1
2026-01-11 09:56:13,9,7,20,16,9,28.9,9,6,1
2026-01-11 10:56:13,23,20,34,25,0,69.0,10,6,1
2026-01-11 11:56:13,24,21,42,25,0,70.7,11,6,1
2026-01-11 12:56:13,28,26,46,25,0,79.4,12,6,1
2026-01-11 13:56:13,27,23,33,25,0,76.7,13,6,1
2026-01-11 14:56:13,25,22,40,25,0,77.9,14,6,1
2026-01-11 15:56:13,12,15,26,21,4,45.5,15,6,1
2026-01-11 16:56:13,8,1,32,25,0,53.7,16,6,1
2026-01-11 17:56:13,30,29,46,25,0,93.9,17,6,1
2026-01-11 18:56:13,28,28,41,25,0,83.6,18,6,1
2026-01-11 19:56:13,34,28,53,25,0,107.7,19,6,1
2026-01-11 20:56:13,22,22,32,25,0,59.3,20,6,1
2026-01-11 21:56:13,18,12,49,25,0,55.0,21,6,1
2026-01-11 22:56:13,27,22,35,25,0,77.3,22,6,1
2026-01-11 23:56:13,14,15,24,18,7,49.8,23,6,1
2026-01-12 00:56:13,10,8,28,22,3,39.6,0,0,0
2026-01-12 01:56:13,2,0,19,17,8,32.2,1,0,0
2026-01-12 02:56:13,4,0,21,20,5,21.6,2,0,0
2026-01-12 03:56:13,3,5,22,17,8,23.0,3,0,0
2026-01-12 04:56:13,5,2,18,14,11,5.0,4,0,0
2026-01-12 05:56:13,8,0,31,25,0,49.3,5,0,0
2026-01-12 06:56:13,6,0,22,20,5,41.6,6,0,0
2026-01-12 07:56:13,7,8,16,11,14,58.4,7,0,0
2026-01-12 08:56:13,15,14,28,23,2,55.9,8,0,0
2026-01-12 09:56:13,15,13,48,25,0,46.7,9,0,0
2026-01-12 10:56:13,25,22,46,25,0,58.4,10,0,0
2026-01-12 11:56:13,28,21,48,25,0,63.2,11,0,0
2026-01-12 12:56:13,17,11,30,25,0,30.2,12,0,0
2026-01-12 13:56:13,26,27,36,25,0,74.3,13,0,0
2026-01-12 14:56:13,21,17,34,25,0,59.6,14,0,0
2026-01-12 15:56:13,24,20,48,25,0,79.0,15,0,0
2026-01-12 16:56:13,23,16,43,25,0,59.3,16,0,0
2026-01-12 17:56:13,27,23,40,25,0,82.4,17,0,0
2026-01-12 18:56:13,24,22,33,25,0,59.8,18,0,0
2026-01-12 19:56:13,19,12,29,25,0,51.7,19,0,0
2026-01-12 20:56:13,25,26,47,25,0,76.3,20,0,0
2026-01-12 21:56:13,22,23,38,25,0,65.9,21,0,0
2026-01-12 22:56:13,10,8,35,25,0,52.5,22,0,0
2026-01-12 23:56:13,12,4,31,25,0,48.2,23,0,0
2026-01-13 00:56:13,8,11,23,20,5,30.9,0,1,0
2026-01-13 01:56:13,4,1,20,17,8,40.2,1,1,0
2026-01-13 02:56:13,6,3,21,17,8,19.5,2,1,0
2026-01-13 03:56:13,2,4,33,25,0,24.1,3,1,0
2026-01-13 04:56:13,3,4,19,15,10,7.4,4,1,0
2026-01-13 05:56:13,5,2,19,16,9,17.2,5,1,0
2026-01-13 06:56:13,11,12,27,24,1,44.2,6,1,0
2026-01-13 07:56:13,13,6,29,22,3,67.8,7,1,0
2026-01-13 08:56:13,11,8,41,25,0,56.9,8,1,0
2026-01-13 09:56:13,18,15,39,25,0,55.5,9,1,0
2026-01-13 10:56:13,30,18,45,25,0,95.1,10,1,0
2026-01-13 11:56:13,20,20,41,25,0,62.1,11,1,0
2026-01-13 12:56:13,22,17,38,25,0,42.8,12,1,0
2026-01-13 13:56:13,24,19,41,25,0,59.2,13,1,0
2026-01-13 14:56:13,20,16,36,25,0,68.4,14,1,0
2026-01-13 15:56:13,16,20,24,20,5,38.7,15,1,0
2026-01-13 16:56:13,20,15,36,25,0,49.0,16,1,0
2026-01-13 17:56:13,21,20,46,25,0,73.8,17,1,0
2026-01-13 18:56:13,24,26,37,25,0,62.3,18,1,0
2026-01-13 19:56:13,23,17,35,25,0,59.7,19,1,0
2026-01-13 20:56:13,18,20,37,25,0,39.4,20,1,0
2026-01-13 21:56:13,21,19,42,25,0,82.0,21,1,0
2026-01-13 22:56:13,15,11,34,25,0,53.7,22,1,0
2026-01-13 23:56:13,12,7,25,24,1,41.9,23,1,0
2026-01-14 00:56:13,6,1,25,22,3,35.5,0,2,0
2026-01-14 01:56:13,8,6,20,17,8,35.8,1,2,0
2026-01-14 02:56:13,2,5,24,18,7,21.9,2,2,0
2026-01-14 03:56:13,1,1,20,16,9,38.7,3,2,0
2026-01-14 04:56:13,4,4,23,23,2,32.1,4,2,0
2026-01-14 05:56:13,6,5,19,15,10,60.9,5,2,0
2026-01-14 06:56:13,8,5,24,18,7,35.2,6,2,0
2026-01-14 07:56:13,9,11,21,18,7,31.4,7,2,0
2026-01-14 08:56:13,15,13,24,23,2,65.8,8,2,0
2026-01-14 09:56:13,24,19,45,25,0,49.3,9,2,0
2026-01-14 10:56:13,21,17,36,25,0,56.9,10,2,0
2026-01-14 11:56:13,25,18,45,25,0,61.9,11,2,0
2026-01-14 12:56:13,27,25,44,25,0,82.9,12,2,0
2026-01-14 13:56:13,31,31,42,25,0,89.2,13,2,0
2026-01-14 14:56:13,16,14,27,24,1,68.8,14,2,0
2026-01-14 15:56:13,21,14,34,25,0,66.3,15,2,0
2026-01-14 16:56:13,21,19,36,25,0,80.8,16,2,0
2026-01-14 17:56:13,18,15,38,25,0,56.7,17,2,0
2026-01-14 18:56:13,22,20,26,21,4,68.7,18,2,0
2026-01-14 19:56:13,26,26,37,25,0,69.6,19,2,0
2026-01-14 20:56:13,22,24,39,25,0,70.2,20,2,0
2026-01-14 21:56:13,13,13,30,21,4,49.4,21,2,0
2026-01-14 22:56:13,8,4,34,25,0,40.1,22,2,0
2026-01-14 23:56:13,7,4,24,19,6,37.0,23,2,0
2026-01-15 00:56:13,6,4,21,17,8,26.0,0,3,0
2026-01-15 01:56:13,5,2,25,19,6,18.2,1,3,0
2026-01-15 02:56:13,6,1,21,17,8,34.5,2,3,0
2026-01-15 03:56:13,4,4,25,20,5,32.1,3,3,0
2026-01-15 04:56:13,0,0,22,17,8,27.1,4,3,0
2026-01-15 05:56:13,3,0,34,25,0,19.9,5,3,0
2026-01-15 06:56:13,7,4,23,20,5,41.9,6,3,0
2026-01-15 07:56:13,12,12,34,25,0,51.9,7,3,0
2026-01-15 08:56:13,23,16,48,25,0,71.8,8,3,0
2026-01-15 09:56:13,15,4,38,25,0,46.0,9,3,0
2026-01-15 10:56:13,19,20,42,25,0,49.7,10,3,0
2026-01-15 11:56:13,35,31,41,25,0,81.7,11,3,0
2026-01-15 12:56:13,16,6,33,25,0,55.9,12,3,0
2026-01-15 13:56:13,18,12,29,23,2,49.4,13,3,0
2026-01-15 14:56:13,16,13,34,25,0,38.7,14,3,0
2026-01-15 15:56:13,20,20,39,25,0,60.8,15,3,0
2026-01-15 16:56:13,27,19,54,25,0,68.8,16,3,0
2026-01-15 17:56:13,17,17,35,25,0,53.3,17,3,0
2026-01-15 18:56:13,17,15,39,25,0,50.7,18,3,0
2026-01-15 19:56:13,18,18,31,25,0,49.5,19,3,0
2026-01-15 20:56:13,17,16,36,25,0,48.0,20,3,0
2026-01-15 21:56:13,22,27,42,25,0,52.7,21,3,0
2026-01-15 22:56:13,16,14,34,25,0,50.8,22,3,0
2026-01-15 23:56:13,9,4,25,16,9,55.3,23,3,0
2026-01-16 00:56:13,19,17,28,25,0,57.9,0,4,0
2026-01-16 01:56:13,5,8,25,20,5,35.0,1,4,0
2026-01-16 02:56:13,4,3,33,25,0,21.0,2,4,0
2026-01-16 03:56:13,5,3,22,15,10,32.1,3,4,0
2026-01-16 04:56:13,2,0,25,22,3,36.4,4,4,0
2026-01-16 05:56:13,2,3,32,25,0,22.0,5,4,0
2026-01-16 06:56:13,7,5,25,21,4,21.6,6,4,0
2026-01-16 07:56:13,11,11,25,21,4,51.7,7,4,0
2026-01-16 08:56:13,12,5,23,20,5,41.8,8,4,0
2026-01-16 09:56:13,24,18,36,25,0,48.8,9,4,0
2026-01-16 10:56:13,27,23,46,25,0,76.1,10,4,0
2026-01-16 11:56:13,20,15,31,24,1,70.9,11,4,0
2026-01-16 12:56:13,24,22,44,25,0,61.7,12,4,0
2026-01-16 13:56:13,21,20,29,22,3,51.6,13,4,0
2026-01-16 14:56:13,22,20,41,25,0,64.6,14,4,0
2026-01-16 15:56:13,23,27,38,25,0,56.0,15,4,0
2026-01-16 16:56:13,19,11,32,23,2,67.2,16,4,0
2026-01-16 17:56:13,23,21,43,25,0,53.4,17,4,0
2026-01-16 18:56:13,30,27,48,25,0,87.8,18,4,0
2026-01-16 19:56:13,26,21,43,25,0,72.2,19,4,0
2026-01-16 20:56:13,14,8,34,25,0,52.0,20,4,0
2026-01-16 21:56:13,14,13,36,25,0,51.5,21,4,0
2026-01-16 22:56:13,7,2,25,25,0,36.3,22,4,0
2026-01-16 23:56:13,9,12,25,23,2,27.8,23,4,0
2026-01-17 00:56:13,12,8,28,22,3,67.0,0,5,1
2026-01-17 01:56:13,4,9,24,19,6,30.4,1,5,1
2026-01-17 02:56:13,4,0,25,20,5,37.3,2,5,1
2026-01-17 03:56:13,4,7,27,24,1,39.6,3,5,1
2026-01-17 04:56:13,1,0,20,19,6,15.7,4,5,1
2026-01-17 05:56:13,8,4,23,20,5,27.1,5,5,1
2026-01-17 06:56:13,8,9,20,21,4,47.1,6,5,1
2026-01-17 07:56:13,10,6,23,19,6,30.7,7,5,1
2026-01-17 08:56:13,14,15,31,25,0,63.3,8,5,1
2026-01-17 09:56:13,22,21,34,25,0,68.8,9,5,1
2026-01-17 10:56:13,19,19,35,25,0,51.6,10,5,1
2026-01-17 11:56:13,21,24,42,25,0,82.7,11,5,1
2026-01-17 12:56:13,29,20,47,25,0,82.5,12,5,1
2026-01-17 13:56:13,23,25,40,25,0,63.3,13,5,1
2026-01-17 14:56:13,20,17,35,25,0,64.1,14,5,1
2026-01-17 15:56:13,24,26,39,25,0,65.5,15,5,1
2026-01-17 16:56:13,22,21,32,25,0,59.2,16,5,1
2026-01-17 17:56:13,19,14,38,25,0,66.0,17,5,1
2026-01-17 18:56:13,23,17,31,24,1,65.7,18,5,1
2026-01-17 19:56:13,24,20,40,25,0,68.9,19,5,1
2026-01-17 20:56:13,14,15,26,23,2,42.2,20,5,1
2026-01-17 21:56:13,17,14,37,25,0,51.0,21,5,1
2026-01-17 22:56:13,21,17,38,25,0,59.7,22,5,1
2026-01-17 23:56:13,11,9,33,25,0,22.9,23,5,1
2026-01-18 00:56:13,4,10,20,16,9,40.3,0,6,1
2026-01-18 01:56:13,4,8,19,18,7,21.8,1,6,1
2026-01-18 02:56:13,2,0,30,25,0,10.7,2,6,1
2026-01-18 03:56:13,6,1,20,19,6,12.9,3,6,1
2026-01-18 04:56:13,6,0,31,25,0,22.5,4,6,1
2026-01-18 05:56:13,5,4,22,17,8,22.8,5,6,1
2026-01-18 06:56:13,7,8,27,22,3,36.3,6,6,1
2026-01-18 07:56:13,6,11,21,14,11,23.5,7,6,1
2026-01-18 08:56:13,12,15,31,25,0,42.0,8,6,1
2026-01-18 09:56:13,14,12,35,25,0,30.1,9,6,1
2026-01-18 10:56:13,25,21,35,25,0,72.6,10,6,1
2026-01-18 11:56:13,34,27,54,25,0,102.8,11,6,1
2026-01-18 12:56:13,16,13,34,25,0,49.8,12,6,1
2026-01-18 13:56:13,21,22,35,25,0,52.8,13,6,1
2026-01-18 14:56:13,22,22,39,25,0,63.9,14,6,1
2026-01-18 15:56:13,31,23,48,25,0,71.1,15,6,1
2026-01-18 16:56:13,26,20,39,25,0,77.1,16,6,1
2026-01-18 17:56:13,21,17,36,25,0,61.9,17,6,1
2026-01-18 18:56:13,29,28,39,25,0,74.5,18,6,1
2026-01-18 19:56:13,24,21,41,25,0,76.9,19,6,1
2026-01-18 20:56:13,19,15,35,25,0,48.5,20,6,1
2026-01-18 21:56:13,23,20,33,25,0,73.5,21,6,1
2026-01-18 22:56:13,20,18,32,24,1,67.0,22,6,1
2026-01-18 23:56:13,3,0,16,12,13,17.4,23,6,1
2026-01-19 00:56:13,5,7,22,19,6,26.8,0,0,0
2026-01-19 01:56:13,8,6,24,22,3,32.1,1,0,0
2026-01-19 02:56:13,3,0,21,17,8,20.6,2,0,0
2026-01-19 03:56:13,4,0,24,17,8,35.6,3,0,0
2026-01-19 04:56:13,4,5,18,14,11,33.9,4,0,0
2026-01-19 05:56:13,5,0,28,21,4,36.8,5,0,0
2026-01-19 06:56:13,4,4,23,21,4,35.8,6,0,0
2026-01-19 07:56:13,10,10,26,21,4,48.6,7,0,0
2026-01-19 08:56:13,19,22,24,21,4,60.2,8,0,0
2026-01-19 09:56:13,19,18,35,25,0,74.8,9,0,0
2026-01-19 10:56:13,22,21,34,25,0,40.6,10,0,0
2026-01-19 11:56:13,12,10,30,22,3,63.3,11,0,0
2026-01-19 12:56:13,16,16,32,25,0,62.4,12,0,0
2026-01-19 13:56:13,21,23,35,25,0,65.1,13,0,0
2026-01-19 14:56:13,19,13,26,24,1,71.6,14,0,0
2026-01-19 15:56:13,28,30,49,25,0,77.6,15,0,0
2026-01-19 16:56:13,23,20,40,25,0,62.0,16,0,0
2026-01-19 17:56:13,21,17,34,25,0,63.4,17,0,0
2026-01-19 18:56:13,16,14,35,25,0,50.9,18,0,0
2026-01-19 19:56:13,20,19,28,24,1,66.5,19,0,0
2026-01-19 20:56:13,23,15,40,25,0,72.9,20,0,0
2026-01-19 21:56:13,20,17,23,19,6,71.7,21,0,0
2026-01-19 22:56:13,16,17,31,25,0,45.2,22,0,0
2026-01-19 23:56:13,10,10,21,16,9,38.2,23,0,0
2026-01-20 00:56:13,9,8,26,23,2,39.6,0,1,0
2026-01-20 01:56:13,4,0,25,21,4,26.8,1,1,0
2026-01-20 02:56:13,5,9,18,18,7,49.8,2,1,0
2026-01-20 03:56:13,4,6,19,14,11,50.7,3,1,0
2026-01-20 04:56:13,6,6,22,18,7,41.4,4,1,0
2026-01-20 05:56:13,6,2,16,12,13,36.2,5,1,0
2026-01-20 06:56:13,10,11,28,22,3,47.4,6,1,0
2026-01-20 07:56:13,13,11,35,25,0,47.9,7,1,0
2026-01-20 08:56:13,8,8,17,12,13,27.0,8,1,0
2026-01-20 09:56:13,16,15,29,24,1,48.6,9,1,0
2026-01-20 10:56:13,19,19,30,25,0,57.2,10,1,0
2026-01-20 11:56:13,28,20,34,25,0,78.0,11,1,0
2026-01-20 12:56:13,22,18,43,25,0,62.7,12,1,0
2026-01-20 13:56:13,21,20,34,25,0,49.6,13,1,0
2026-01-20 14:56:13,22,20,31,23,2,66.7,14,1,0
2026-01-20 15:56:13,22,20,35,25,0,50.9,15,1,0
2026-01-20 16:56:13,23,20,41,25,0,52.8,16,1,0
2026-01-20 17:56:13,25,24,42,25,0,65.2,17,1,0
2026-01-20 18:56:13,22,25,37,25,0,54.3,18,1,0
2026-01-20 19:56:13,26,25,46,25,0,55.7,19,1,0
2026-01-20 20:56:13,16,12,41,25,0,44.7,20,1,0
2026-01-20 21:56:13,18,16,29,25,0,65.4,21,1,0
2026-01-20 22:56:13,11,11,35,25,0,44.1,22,1,0
2026-01-20 23:56:13,19,19,38,25,0,67.1,23,1,0
2026-01-21 00:56:13,6,5,25,20,5,35.7,0,2,0
2026-01-21 01:56:13,5,3,22,20,5,29.6,1,2,0
2026-01-21 02:56:13,3,0,29,25,0,9.7,2,2,0
2026-01-21 03:56:13,1,1,20,14,11,28.5,3,2,0
2026-01-21 04:56:13,3,1,21,18,7,27.0,4,2,0
2026-01-21 05:56:13,1,2,16,11,14,10.6,5,2,0
2026-01-21 06:56:13,8,8,31,25,0,33.5,6,2,0
2026-01-21 07:56:13,7,9,24,21,4,47.1,7,2,0
2026-01-21 08:56:13,17,17,35,25,0,68.8,8,2,0
2026-01-21 09:56:13,16,19,28,22,3,53.8,9,2,0
2026-01-21 10:56:13,25,24,33,25,0,54.0,10,2,0
2026-01-21 11:56:13,27,27,37,25,0,86.7,11,2,0
2026-01-21 12:56:13,26,21,33,24,1,65.3,12,2,0
2026-01-21 13:56:13,25,24,45,25,0,61.8,13,2,0
2026-01-21 14:56:13,23,22,36,25,0,55.9,14,2,0
2026-01-21 15:56:13,12,7,32,25,0,36.8,15,2,0
2026-01-21 16:56:13,22,14,43,25,0,56.0,16,2,0
2026-01-21 17:56:13,24,21,29,22,3,70.8,17,2,0
2026-01-21 18:56:13,22,18,35,25,0,57.7,18,2,0
2026-01-21 19:56:13,23,22,36,25,0,62.6,19,2,0
2026-01-21 20:56:13,25,17,32,25,0,82.3,20,2,0
2026-01-21 21:56:13,16,14,43,25,0,62.8,21,2,0
2026-01-21 22:56:13,14,13,32,25,0,53.3,22,2,0
2026-01-21 23:56:13,10,9,23,23,2,33.0,23,2,0
2026-01-22 00:56:13,11,11,36,25,0,62.5,0,3,0
2026-01-22 01:56:13,4,4,21,15,10,26.5,1,3,0
2026-01-22 02:56:13,4,3,27,24,1,37.3,2,3,0
2026-01-22 03:56:13,6,6,26,23,2,39.0,3,3,0
2026-01-22 04:56:13,2,5,31,25,0,19.5,4,3,0
2026-01-22 05:56:13,3,6,15,9,16,31.5,5,3,0
2026-01-22 06:56:13,6,5,32,25,0,33.0,6,3,0
2026-01-22 07:56:13,7,0,26,19,6,37.6,7,3,0
2026-01-22 08:56:13,11,6,19,17,8,36.5,8,3,0
2026-01-22 09:56:13,19,15,39,25,0,84.8,9,3,0
2026-01-22 10:56:13,22,16,29,25,0,67.1,10,3,0
2026-01-22 11:56:13,24,20,40,25,0,78.5,11,3,0
2026-01-22 12:56:13,25,22,39,25,0,74.4,12,3,0
2026-01-22 13:56:13,32,28,43,25,0,90.1,13,3,0
2026-01-22 14:56:13,27,25,41,25,0,68.0,14,3,0
2026-01-22 15:56:13,26,24,37,25,0,79.9,15,3,0
2026-01-22 16:56:13,24,27,30,25,0,55.3,16,3,0
2026-01-22 17:56:13,25,24,39,25,0,71.9,17,3,0
2026-01-22 18:56:13,17,10,29,23,2,60.5,18,3,0
2026-01-22 19:56:13,25,24,35,25,0,64.1,19,3,0
2026-01-22 20:56:13,26,24,39,25,0,66.1,20,3,0
2026-01-22 21:56:13,23,21,39,25,0,63.1,21,3,0
2026-01-22 22:56:13,15,13,27,25,0,58.6,22,3,0
2026-01-22 23:56:13,8,2,23,15,10,26.0,23,3,0
2026-01-23 00:56:13,7,2,22,18,7,41.5,0,4,0
2026-01-23 01:56:13,13,15,27,23,2,50.4,1,4,0
2026-01-23 02:56:13,7,8,26,19,6,28.1,2,4,0
2026-01-23 03:56:13,8,9,34,25,0,34.3,3,4,0
2026-01-23 04:56:13,3,6,5,2,23,8.2,4,4,0
2026-01-23 05:56:13,7,7,26,23,2,42.8,5,4,0
2026-01-23 06:56:13,12,11,27,22,3,57.4,6,4,0
2026-01-23 07:56:13,7,6,24,19,6,25.7,7,4,0
2026-01-23 08:56:13,15,13,32,25,0,46.0,8,4,0
2026-01-23 09:56:13,19,19,31,25,0,75.1,9,4,0
2026-01-23 10:56:13,29,29,45,25,0,92.4,10,4,0
2026-01-23 11:56:13,29,26,37,25,0,79.6,11,4,0
2026-01-23 12:56:13,26,21,38,25,0,53.4,12,4,0
2026-01-23 13:56:13,19,19,42,25,0,52.1,13,4,0
2026-01-23 14:56:13,17,16,37,25,0,77.3,14,4,0
2026-01-23 15:56:13,13,11,26,20,5,59.7,15,4,0
2026-01-23 16:56:13,24,22,27,25,0,68.6,16,4,0
2026-01-23 17:56:13,19,20,37,25,0,68.0,17,4,0
2026-01-23 18:56:13,16,12,28,22,3,31.5,18,4,0
2026-01-23 19:56:13,22,18,38,25,0,63.9,19,4,0
2026-01-23 20:56:13,21,21,31,25,0,71.1,20,4,0
2026-01-23 21:56:13,17,18,30,24,1,38.9,21,4,0
2026-01-23 22:56:13,10,6,27,20,5,31.7,22,4,0
2026-01-23 23:56:13,14,12,29,20,5,46.1,23,4,0
2026-01-24 00:56:13,10,11,29,24,1,42.0,0,5,1
2026-01-24 01:56:13,13,13,24,21,4,57.3,1,5,1
2026-01-24 02:56:13,4,1,17,12,13,27.5,2,5,1
2026-01-24 03:56:13,3,3,32,25,0,18.5,3,5,1
2026-01-24 04:56:13,12,9,27,21,4,46.7,4,5,1
2026-01-24 05:56:13,4,4,19,18,7,31.5,5,5,1
2026-01-24 06:56:13,9,12,27,23,2,69.9,6,5,1
2026-01-24 07:56:13,8,7,27,21,4,44.2,7,5,1
2026-01-24 08:56:13,16,14,28,24,1,43.4,8,5,1
2026-01-24 09:56:13,19,13,33,25,0,65.0,9,5,1
2026-01-24 10:56:13,31,28,46,25,0,87.7,10,5,1
2026-01-24 11:56:13,30,30,47,25,0,64.5,11,5,1
2026-01-24 12:56:13,26,24,39,25,0,75.5,12,5,1
2026-01-24 13:56:13,24,23,46,25,0,61.4,13,5,1
2026-01-24 14:56:13,15,13,27,24,1,47.8,14,5,1
2026-01-24 15:56:13,24,22,39,25,0,72.3,15,5,1
2026-01-24 16:56:13,27,29,46,25,0,62.8,16,5,1
2026-01-24 17:56:13,17,10,24,21,4,55.5,17,5,1
2026-01-24 18:56:13,22,17,51,25,0,59.6,18,5,1
2026-01-24 19:56:13,25,24,36,25,0,56.2,19,5,1
2026-01-24 20:56:13,25,26,43,25,0,87.1,20,5,1
2026-01-24 21:56:13,25,21,35,25,0,59.9,21,5,1
2026-01-24 22:56:13,15,16,28,25,0,53.9,22,5,1
2026-01-24 23:56:13,13,12,40,25,0,53.9,23,5,1
2026-01-25 00:56:13,8,4,23,22,3,46.8,0,6,1
2026-01-25 01:56:13,9,12,24,19,6,29.0,1,6,1
2026-01-25 02:56:13,3,6,17,14,11,29.2,2,6,1
2026-01-25 03:56:13,3,2,31,25,0,42.9,3,6,1
2026-01-25 04:56:13,4,7,18,18,7,12.3,4,6,1
2026-01-25 05:56:13,5,4,30,25,0,21.1,5,6,1
2026-01-25 06:56:13,11,10,23,18,7,66.9,6,6,1
2026-01-25 07:56:13,7,7,16,11,14,48.4,7,6,1
2026-01-25 08:56:13,19,21,32,25,0,51.7,8,6,1
2026-01-25 09:56:13,27,18,43,25,0,66.5,9,6,1
2026-01-25 10:56:13,24,17,28,24,1,62.6,10,6,1
2026-01-25 11:56:13,27,20,40,25,0,58.9,11,6,1
2026-01-25 12:56:13,24,23,39,25,0,54.8,12,6,1
2026-01-25 13:56:13,27,23,48,25,0,78.7,13,6,1
2026-01-25 14:56:13,24,23,40,25,0,82.4,14,6,1
2026-01-25 15:56:13,21,23,39,25,0,79.6,15,6,1
2026-01-25 16:56:13,27,24,50,25,0,98.7,16,6,1
2026-01-25 17:56:13,33,29,44,25,0,100.1,17,6,1
2026-01-25 18:56:13,28,29,38,25,0,83.0,18,6,1
2026-01-25 19:56:13,21,21,41,25,0,55.3,19,6,1
2026-01-25 20:56:13,23,21,47,25,0,57.5,20,6,1
2026-01-25 21:56:13,24,17,34,25,0,61.1,21,6,1
2026-01-25 22:56:13,13,12,33,25,0,31.3,22,6,1
2026-01-25 23:56:13,17,12,27,24,1,47.8,23,6,1
2026-01-26 00:56:13,5,0,28,25,0,30.1,0,0,0
2026-01-26 01:56:13,12,12,24,21,4,51.5,1,0,0
2026-01-26 02:56:13,4,1,19,13,12,23.2,2,0,0
2026-01-26 03:56:13,3,2,33,25,0,24.0,3,0,0
2026-01-26 04:56:13,1,0,18,15,10,21.6,4,0,0
2026-01-26 05:56:13,7,2,23,19,6,34.4,5,0,0
2026-01-26 06:56:13,6,4,28,23,2,25.6,6,0,0
2026-01-26 07:56:13,9,5,30,22,3,37.4,7,0,0
2026-01-26 08:56:13,15,7,38,25,0,47.1,8,0,0
2026-01-26 09:56:13,16,16,32,25,0,55.3,9,0,0
2026-01-26 10:56:13,16,8,34,25,0,47.7,10,0,0
2026-01-26 11:56:13,24,28,25,25,0,63.2,11,0,0
2026-01-26 12:56:13,32,26,47,25,0,85.8,12,0,0
2026-01-26 13:56:13,25,21,35,25,0,62.8,13,0,0
2026-01-26 14:56:13,22,16,41,25,0,91.0,14,0,0
2026-01-26 15:56:13,21,20,34,25,0,79.2,15,0,0
2026-01-26 16:56:13,21,12,33,23,2,65.0,16,0,0
2026-01-26 17:56:13,27,26,41,25,0,83.2,17,0,0
2026-01-26 18:56:13,25,19,28,25,0,67.6,18,0,0
2026-01-26 19:56:13,20,19,38,25,0,61.1,19,0,0
2026-01-26 20:56:13,24,24,40,25,0,84.6,20,0,0
2026-01-26 21:56:13,24,18,39,25,0,67.0,21,0,0
2026-01-26 22:56:13,17,14,33,25,0,45.8,22,0,0
2026-01-26 23:56:13,12,13,33,25,0,23.8,23,0,0
2026-01-27 00:56:13,8,3,28,24,1,47.8,0,1,0
2026-01-27 01:56:13,2,0,18,14,11,5.0,1,1,0
2026-01-27 02:56:13,3,0,29,22,3,14.9,2,1,0
2026-01-27 03:56:13,3,3,25,21,4,25.9,3,1,0
2026-01-27 04:56:13,7,6,22,22,3,30.6,4,1,0
2026-01-27 05:56:13,5,0,19,18,7,33.9,5,1,0
2026-01-27 06:56:13,5,4,23,21,4,34.4,6,1,0
2026-01-27 07:56:13,6,5,32,25,0,28.7,7,1,0
2026-01-27 08:56:13,16,16,33,25,0,70.2,8,1,0
2026-01-27 09:56:13,11,12,29,21,4,49.4,9,1,0
2026-01-27 10:56:13,15,16,34,25,0,42.6,10,1,0
2026-01-27 11:56:13,21,19,34,25,0,52.3,11,1,0
2026-01-27 12:56:13,28,22,43,25,0,73.3,12,1,0
2026-01-27 13:56:13,26,24,43,25,0,53.8,13,1,0
2026-01-27 14:56:13,19,17,29,23,2,66.3,14,1,0
2026-01-27 15:56:13,17,11,36,25,0,55.3,15,1,0
2026-01-27 16:56:13,23,19,32,25,0,87.2,16,1,0
2026-01-27 17:56:13,22,14,27,21,4,56.4,17,1,0
2026-01-27 18:56:13,31,25,41,25,0,95.7,18,1,0
2026-01-27 19:56:13,21,16,31,25,0,74.1,19,1,0
2026-01-27 20:56:13,24,24,41,25,0,62.8,20,1,0
2026-01-27 21:56:13,19,19,32,25,0,63.8,21,1,0
2026-01-27 22:56:13,18,16,38,25,0,53.2,22,1,0
2026-01-27 23:56:13,11,11,25,20,5,28.8,23,1,0
2026-01-28 00:56:13,8,4,31,24,1,27.3,0,2,0
2026-01-28 01:56:13,7,7,25,20,5,24.5,1,2,0
2026-01-28 02:56:13,7,4,27,21,4,28.1,2,2,0
2026-01-28 03:56:13,3,1,22,18,7,11.1,3,2,0
2026-01-28 04:56:13,2,0,25,22,3,22.1,4,2,0
2026-01-28 05:56:13,7,11,25,21,4,26.4,5,2,0
2026-01-28 06:56:13,6,6,23,18,7,6.5,6,2,0
2026-01-28 07:56:13,17,12,36,25,0,46.1,7,2,0
2026-01-28 08:56:13,14,11,35,25,0,69.4,8,2,0
2026-01-28 09:56:13,14,14,32,23,2,54.9,9,2,0
2026-01-28 10:56:13,20,15,36,25,0,64.4,10,2,0
2026-01-28 11:56:13,17,13,21,18,7,52.5,11,2,0
2026-01-28 12:56:13,30,21,47,25,0,66.8,12,2,0
2026-01-28 13:56:13,23,19,42,25,0,64.2,13,2,0
2026-01-28 14:56:13,19,19,38,25,0,77.4,14,2,0
2026-01-28 15:56:13,18,21,39,25,0,57.1,15,2,0
2026-01-28 16:56:13,22,26,39,25,0,59.5,16,2,0
2026-01-28 17:56:13,25,19,46,25,0,54.1,17,2,0
2026-01-28 18:56:13,24,26,31,25,0,69.9,18,2,0
2026-01-28 19:56:13,15,12,33,25,0,54.4,19,2,0
2026-01-28 20:56:13,18,16,24,18,7,70.2,20,2,0
2026-01-28 21:56:13,23,19,32,25,0,67.4,21,2,0
2026-01-28 22:56:13,7,6,18,15,10,20.7,22,2,0
2026-01-28 23:56:13,9,9,21,17,8,29.7,23,2,0
2026-01-29 00:56:13,8,9,34,25,0,49.5,0,3,0
2026-01-29 01:56:13,11,11,31,24,1,34.0,1,3,0
2026-01-29 02:56:13,5,5,28,21,4,30.7,2,3,0
2026-01-29 03:56:13,8,10,35,25,0,44.4,3,3,0
2026-01-29 04:56:13,3,1,24,22,3,29.3,4,3,0
2026-01-29 05:56:13,7,3,33,25,0,40.1,5,3,0
2026-01-29 06:56:13,10,7,22,21,4,59.7,6,3,0
2026-01-29 07:56:13,9,8,23,16,9,27.7,7,3,0
2026-01-29 08:56:13,12,11,26,22,3,33.3,8,3,0
2026-01-29 09:56:13,8,2,22,19,6,28.4,9,3,0
2026-01-29 10:56:13,16,11,24,20,5,50.4,10,3,0
2026-01-29 11:56:13,32,32,46,25,0,67.9,11,3,0
2026-01-29 12:56:13,18,21,34,25,0,55.6,12,3,0
2026-01-29 13:56:13,21,19,25,21,4,67.4,13,3,0
2026-01-29 14:56:13,27,21,40,25,0,85.1,14,3,0
2026-01-29 15:56:13,17,10,40,25,0,65.0,15,3,0
2026-01-29 16:56:13,23,17,37,25,0,61.0,16,3,0
2026-01-29 17:56:13,22,21,40,25,0,72.1,17,3,0
2026-01-29 18:56:13,30,27,45,25,0,66.3,18,3,0
2026-01-29 19:56:13,21,15,35,25,0,77.1,19,3,0
2026-01-29 20:56:13,19,18,31,24,1,51.4,20,3,0
2026-01-29 21:56:13,25,17,34,25,0,74.3,21,3,0
2026-01-29 22:56:13,15,13,35,25,0,59.7,22,3,0
2026-01-29 23:56:13,13,16,34,25,0,49.9,23,3,0
2026-01-30 00:56:13,6,3,22,18,7,35.0,0,4,0
2026-01-30 01:56:13,9,11,29,22,3,29.5,1,4,0
2026-01-30 02:56:13,3,6,20,15,10,8.6,2,4,0
2026-01-30 03:56:13,1,0,25,18,7,23.4,3,4,0
2026-01-30 04:56:13,2,1,22,17,8,36.7,4,4,0
2026-01-30 05:56:13,2,0,17,16,9,7.5,5,4,0
2026-01-30 06:56:13,7,8,24,18,7,46.6,6,4,0
2026-01-30 07:56:13,12,8,27,21,4,43.5,7,4,0
2026-01-30 08:56:13,19,19,34,25,0,57.1,8,4,0
2026-01-30 09:56:13,16,12,35,25,0,56.5,9,4,0
2026-01-30 10:56:13,24,18,39,25,0,86.2,10,4,0
2026-01-30 11:56:13,24,20,30,25,0,77.6,11,4,0
2026-01-30 12:56:13,22,16,33,25,0,71.7,12,4,0
2026-01-30 13:56:13,26,24,36,25,0,60.2,13,4,0
2026-01-30 14:56:13,14,6,31,25,0,38.3,14,4,0
2026-01-30 15:56:13,24,28,43,25,0,61.5,15,4,0
2026-01-30 16:56:13,21,17,40,25,0,67.4,16,4,0
2026-01-30 17:56:13,14,11,31,24,1,40.1,17,4,0
2026-01-30 18:56:13,22,18,36,25,0,73.5,18,4,0
2026-01-30 19:56:13,26,26,43,25,0,75.2,19,4,0
2026-01-30 20:56:13,24,19,39,25,0,81.4,20,4,0
2026-01-30 21:56:13,18,11,38,25,0,53.7,21,4,0
2026-01-30 22:56:13,9,12,19,13,12,41.3,22,4,0
2026-01-30 23:56:13,3,2,28,20,5,31.2,23,4,0
2026-01-31 00:56:13,14,15,24,17,8,55.8,0,5,1
2026-01-31 01:56:13,3,0,20,19,6,34.1,1,5,1
2026-01-31 02:56:13,3,4,16,13,12,45.3,2,5,1
2026-01-31 03:56:13,2,0,25,18,7,23.4,3,5,1
2026-01-31 04:56:13,3,3,28,22,3,16.6,4,5,1
2026-01-31 05:56:13,7,11,17,15,10,47.3,5,5,1
2026-01-31 06:56:13,11,10,39,25,0,52.0,6,5,1
2026-01-31 07:56:13,6,10,19,19,6,25.8,7,5,1
2026-01-31 08:56:13,17,12,42,25,0,52.2,8,5,1
2026-01-31 09:56:13,20,22,33,25,0,52.6,9,5,1
2026-01-31 10:56:13,20,17,34,25,0,66.0,10,5,1
2026-01-31 11:56:13,22,18,47,25,0,44.2,11,5,1
2026-01-31 12:56:13,29,26,48,25,0,102.2,12,5,1
2026-01-31 13:56:13,22,26,25,18,7,31.5,13,5,1
2026-01-31 14:56:13,16,18,35,25,0,58.2,14,5,1
2026-01-31 15:56:13,15,20,36,25,0,51.0,15,5,1
2026-01-31 16:56:13,17,12,35,25,0,59.0,16,5,1
2026-01-31 17:56:13,28,22,40,25,0,87.7,17,5,1
2026-01-31 18:56:13,20,21,32,25,0,69.4,18,5,1
2026-01-31 19:56:13,30,25,41,25,0,92.0,19,5,1
2026-01-31 20:56:13,14,6,25,23,2,53.6,20,5,1
2026-01-31 21:56:13,13,12,35,25,0,42.4,21,5,1
2026-01-31 22:56:13,23,24,30,25,0,71.3,22,5,1
2026-01-31 23:56:13,10,0,35,25,0,33.8,23,5,1
2026-02-01 00:56:13,13,12,32,25,0,49.6,0,6,1
2026-02-01 01:56:13,6,7,19,18,7,38.8,1,6,1
2026-02-01 02:56:13,9,8,38,25,0,37.1,2,6,1
2026-02-01 03:56:13,9,6,31,25,0,41.2,3,6,1
2026-02-01 04:56:13,4,1,24,24,1,5.0,4,6,1
2026-02-01 05:56:13,7,4,24,19,6,44.6,5,6,1
2026-02-01 06:56:13,9,3,28,23,2,38.2,6,6,1
2026-02-01 07:56:13,11,12,20,16,9,40.0,7,6,1
2026-02-01 08:56:13,15,11,34,25,0,50.7,8,6,1
2026-02-01 09:56:13,17,12,30,25,0,46.7,9,6,1
2026-02-01 10:56:13,25,23,30,23,2,72.4,10,6,1
2026-02-01 11:56:13,28,26,46,25,0,89.6,11,6,1
2026-02-01 12:56:13,29,24,48,25,0,84.3,12,6,1
2026-02-01 13:56:13,24,24,40,25,0,71.1,13,6,1
2026-02-01 14:56:13,24,22,40,25,0,74.7,14,6,1
2026-02-01 15:56:13,22,18,28,20,5,71.4,15,6,1
2026-02-01 16:56:13,19,15,30,25,0,52.2,16,6,1
2026-02-01 17:56:13,21,23,41,25,0,72.2,17,6,1
2026-02-01 18:56:13,35,30,48,25,0,96.1,18,6,1
2026-02-01 19:56:13,27,27,41,25,0,75.7,19,6,1
2026-02-01 20:56:13,26,20,43,25,0,70.5,20,6,1
2026-02-01 21:56:13,18,11,30,21,4,61.7,21,6,1
2026-02-01 22:56:13,7,4,21,19,6,41.2,22,6,1
2026-02-01 23:56:13,6,4,22,19,6,27.0,23,6,1
2026-02-02 00:56:13,5,0,30,23,2,26.4,0,0,0
2026-02-02 01:56:13,6,5,13,10,15,40.2,1,0,0
2026-02-02 02:56:13,1,5,27,22,3,22.7,2,0,0
2026-02-02 03:56:13,6,5,30,24,1,34.1,3,0,0
2026-02-02 04:56:13,3,7,18,12,13,25.6,4,0,0
2026-02-02 05:56:13,3,0,31,25,0,33.0,5,0,0
2026-02-02 06:56:13,5,4,27,22,3,32.9,6,0,0
2026-02-02 07:56:13,11,9,30,25,0,46.4,7,0,0
2026-02-02 08:56:13,13,12,35,25,0,36.4,8,0,0
